[07Juli2026 17:56:27.295] [main/INFO] [cpw.mods.modlauncher.Launcher/MODLAUNCHER]: ModLauncher running: args [--launchTarget, forgeclientdev, --version, 21.1.235, --assetIndex, 17, --assetsDir, C:\\Users\\fnafh\\.gradle\\caches\\neoformruntime\\assets, --gameDir, ., --fml.fmlVersion, 4.0.42, --fml.mcVersion, 1.21.1, --fml.neoForgeVersion, 21.1.235, --fml.neoFormVersion, 20240808.144430]
[07Juli2026 17:56:27.307] [main/INFO] [cpw.mods.modlauncher.Launcher/MODLAUNCHER]: JVM identified as Amazon.com Inc. OpenJDK 64-Bit Server VM 21.0.4+7-LTS
[07Juli2026 17:56:27.355] [main/INFO] [cpw.mods.modlauncher.Launcher/MODLAUNCHER]: ModLauncher 11.0.5+main.901c6ea8 starting: java version 21.0.4 by Amazon.com Inc.; OS Windows 10 arch amd64 version 10.0
[07Juli2026 17:56:27.485] [main/DEBUG] [cpw.mods.modlauncher.LaunchServiceHandler/MODLAUNCHER]: Found launch services [minecraft,forgeclient,forgedatauserdev,testharness,forgeserverdev,forgeserveruserdev,forgejunitdev,forgeclientdev,forgeclientuserdev,forgeserver,forgejunituserdev,forgedatadev]
[07Juli2026 17:56:27.525] [main/DEBUG] [cpw.mods.modlauncher.LaunchPluginHandler/MODLAUNCHER]: Found launch plugins: [mixin,slf4jfixer,runtime_enum_extender,accesstransformer,runtimedistcleaner]
[07Juli2026 17:56:27.542] [main/DEBUG] [cpw.mods.modlauncher.TransformationServicesHandler/MODLAUNCHER]: Discovering transformation services
[07Juli2026 17:56:27.552] [main/DEBUG] [net.neoforged.fml.loading.FMLPaths/CORE]: Path GAMEDIR is D:\GitHub\FNaFCollectibleCards\Fnaf Collectibles1.21.1\run
[07Juli2026 17:56:27.553] [main/DEBUG] [net.neoforged.fml.loading.FMLPaths/CORE]: Path MODSDIR is D:\GitHub\FNaFCollectibleCards\Fnaf Collectibles1.21.1\run\mods
[07Juli2026 17:56:27.555] [main/DEBUG] [net.neoforged.fml.loading.FMLPaths/CORE]: Path CONFIGDIR is D:\GitHub\FNaFCollectibleCards\Fnaf Collectibles1.21.1\run\config
[07Juli2026 17:56:27.556] [main/DEBUG] [net.neoforged.fml.loading.FMLPaths/CORE]: Path FMLCONFIG is D:\GitHub\FNaFCollectibleCards\Fnaf Collectibles1.21.1\run\config\fml.toml
[07Juli2026 17:56:27.605] [main/DEBUG] [net.neoforged.fml.loading.targets.CommonLaunchHandler/CORE]: Got mod coordinates fnaf_collectibles%%D:\\GitHub\\FNaFCollectibleCards\\Fnaf Collectibles1.21.1\\build\\classes\\java\\main;fnaf_collectibles%%D:\\GitHub\\FNaFCollectibleCards\\Fnaf Collectibles1.21.1\\build\\resources\\main from env
[07Juli2026 17:56:27.608] [main/DEBUG] [net.neoforged.fml.loading.targets.CommonLaunchHandler/CORE]: Found supplied mod coordinates [{fnaf_collectibles=[D:\GitHub\FNaFCollectibleCards\Fnaf Collectibles1.21.1\build\classes\java\main, D:\GitHub\FNaFCollectibleCards\Fnaf Collectibles1.21.1\build\resources\main]}]
[07Juli2026 17:56:27.613] [main/DEBUG] [cpw.mods.modlauncher.TransformationServicesHandler/MODLAUNCHER]: Found additional transformation services from discovery services: 
[07Juli2026 17:56:27.629] [main/INFO] [net.neoforged.fml.loading.ImmediateWindowHandler/]: Loading ImmediateWindowProvider fmlearlywindow
[07Juli2026 17:56:28.041] [main/INFO] [EARLYDISPLAY/]: Trying GL version 4.6
[07Juli2026 17:56:28.283] [main/INFO] [EARLYDISPLAY/]: Requested GL version 4.6 got version 4.6
[07Juli2026 17:56:28.490] [main/DEBUG] [cpw.mods.modlauncher.TransformationServicesHandler/MODLAUNCHER]: Found transformer services : [mixin,fml]
[07Juli2026 17:56:28.490] [main/DEBUG] [cpw.mods.modlauncher.TransformationServicesHandler/MODLAUNCHER]: Transformation services loading
[07Juli2026 17:56:28.492] [main/DEBUG] [cpw.mods.modlauncher.TransformationServiceDecorator/MODLAUNCHER]: Loading service mixin
[07Juli2026 17:56:28.493] [main/DEBUG] [cpw.mods.modlauncher.TransformationServiceDecorator/MODLAUNCHER]: Loaded service mixin
[07Juli2026 17:56:28.493] [main/DEBUG] [cpw.mods.modlauncher.TransformationServiceDecorator/MODLAUNCHER]: Loading service fml
[07Juli2026 17:56:28.495] [main/DEBUG] [net.neoforged.fml.loading.FMLLoader/CORE]: FML 4.0.42 loading
[07Juli2026 17:56:28.495] [main/DEBUG] [net.neoforged.fml.loading.FMLLoader/CORE]: FML found ModLauncher version : 11.0.5+main.901c6ea8
[07Juli2026 17:56:28.496] [main/DEBUG] [net.neoforged.fml.loading.FMLLoader/CORE]: FML found AccessTransformer version : 10.0.1+139da711
[07Juli2026 17:56:28.497] [main/DEBUG] [net.neoforged.fml.loading.FMLLoader/CORE]: FML found EventBus version : null
[07Juli2026 17:56:28.498] [main/DEBUG] [net.neoforged.fml.loading.FMLLoader/CORE]: Found Runtime Dist Cleaner
[07Juli2026 17:56:28.498] [main/DEBUG] [cpw.mods.modlauncher.TransformationServiceDecorator/MODLAUNCHER]: Loaded service fml
[07Juli2026 17:56:28.501] [main/DEBUG] [cpw.mods.modlauncher.TransformationServicesHandler/MODLAUNCHER]: Configuring option handling for services
[07Juli2026 17:56:28.527] [main/DEBUG] [net.neoforged.fml.loading.FMLServiceProvider/CORE]: Received command line version data  : VersionInfo[neoForgeVersion=21.1.235, fmlVersion=4.0.42, mcVersion=1.21.1, neoFormVersion=20240808.144430]
[07Juli2026 17:56:28.528] [main/DEBUG] [cpw.mods.modlauncher.TransformationServicesHandler/MODLAUNCHER]: Transformation services initializing
[07Juli2026 17:56:28.529] [main/DEBUG] [cpw.mods.modlauncher.TransformationServiceDecorator/MODLAUNCHER]: Initializing transformation service mixin
[07Juli2026 17:56:28.551] [main/DEBUG] [mixin/]: MixinService [ModLauncher] was successfully booted in cpw.mods.cl.ModuleClassLoader@179ece50
[07Juli2026 17:56:28.597] [main/INFO] [mixin/]: SpongePowered MIXIN Subsystem Version=0.8.7 Source=union:/C:/Users/fnafh/.gradle/caches/modules-2/files-2.1/net.fabricmc/sponge-mixin/0.15.2+mixin.0.8.7/2af2f021d8e02a0220dc27a7a72b4666d66d44ca/sponge-mixin-0.15.2+mixin.0.8.7.jar%23138!/ Service=ModLauncher Env=CLIENT
[07Juli2026 17:56:28.601] [main/DEBUG] [mixin/]: Initialising Mixin Platform Manager
[07Juli2026 17:56:28.601] [main/DEBUG] [mixin/]: Adding mixin platform agents for container ModLauncher Root Container(ModLauncher:4f56a0a2)
[07Juli2026 17:56:28.602] [main/DEBUG] [mixin/]: Instancing new MixinPlatformAgentMinecraftForge for ModLauncher Root Container(ModLauncher:4f56a0a2)
[07Juli2026 17:56:28.602] [main/DEBUG] [mixin/]: MixinPlatformAgentMinecraftForge rejected container ModLauncher Root Container(ModLauncher:4f56a0a2)
[07Juli2026 17:56:28.603] [main/DEBUG] [mixin/]: Instancing new MixinPlatformAgentDefault for ModLauncher Root Container(ModLauncher:4f56a0a2)
[07Juli2026 17:56:28.603] [main/DEBUG] [mixin/]: MixinPlatformAgentDefault accepted container ModLauncher Root Container(ModLauncher:4f56a0a2)
[07Juli2026 17:56:28.605] [main/DEBUG] [cpw.mods.modlauncher.TransformationServiceDecorator/MODLAUNCHER]: Initialized transformation service mixin
[07Juli2026 17:56:28.605] [main/DEBUG] [cpw.mods.modlauncher.TransformationServiceDecorator/MODLAUNCHER]: Initializing transformation service fml
[07Juli2026 17:56:28.605] [main/DEBUG] [net.neoforged.fml.loading.FMLServiceProvider/CORE]: Setting up basic FML game directories
[07Juli2026 17:56:28.606] [main/DEBUG] [net.neoforged.fml.loading.FMLPaths/CORE]: Path GAMEDIR is D:\GitHub\FNaFCollectibleCards\Fnaf Collectibles1.21.1\run
[07Juli2026 17:56:28.607] [main/DEBUG] [net.neoforged.fml.loading.FMLPaths/CORE]: Path MODSDIR is D:\GitHub\FNaFCollectibleCards\Fnaf Collectibles1.21.1\run\mods
[07Juli2026 17:56:28.607] [main/DEBUG] [net.neoforged.fml.loading.FMLPaths/CORE]: Path CONFIGDIR is D:\GitHub\FNaFCollectibleCards\Fnaf Collectibles1.21.1\run\config
[07Juli2026 17:56:28.607] [main/DEBUG] [net.neoforged.fml.loading.FMLPaths/CORE]: Path FMLCONFIG is D:\GitHub\FNaFCollectibleCards\Fnaf Collectibles1.21.1\run\config\fml.toml
[07Juli2026 17:56:28.607] [main/DEBUG] [net.neoforged.fml.loading.FMLServiceProvider/CORE]: Loading configuration
[07Juli2026 17:56:28.648] [main/DEBUG] [net.neoforged.fml.loading.FMLServiceProvider/CORE]: Preparing launch handler
[07Juli2026 17:56:28.649] [main/DEBUG] [net.neoforged.fml.loading.FMLLoader/CORE]: Using forgeclientdev as launch service
[07Juli2026 17:56:28.652] [main/DEBUG] [cpw.mods.modlauncher.TransformationServiceDecorator/MODLAUNCHER]: Initialized transformation service fml
[07Juli2026 17:56:28.652] [main/DEBUG] [cpw.mods.modlauncher.TransformationServicesHandler/MODLAUNCHER]: Transformation services begin scanning
[07Juli2026 17:56:28.653] [main/DEBUG] [cpw.mods.modlauncher.TransformationServiceDecorator/MODLAUNCHER]: Beginning scan trigger - transformation service mixin
[07Juli2026 17:56:28.653] [main/DEBUG] [cpw.mods.modlauncher.TransformationServiceDecorator/MODLAUNCHER]: End scan trigger - transformation service mixin
[07Juli2026 17:56:28.653] [main/DEBUG] [cpw.mods.modlauncher.TransformationServiceDecorator/MODLAUNCHER]: Beginning scan trigger - transformation service fml
[07Juli2026 17:56:28.653] [main/DEBUG] [net.neoforged.fml.loading.FMLServiceProvider/CORE]: Initiating mod scan
[07Juli2026 17:56:28.654] [main/DEBUG] [net.neoforged.fml.loading.targets.CommonLaunchHandler/CORE]: Got mod coordinates fnaf_collectibles%%D:\\GitHub\\FNaFCollectibleCards\\Fnaf Collectibles1.21.1\\build\\classes\\java\\main;fnaf_collectibles%%D:\\GitHub\\FNaFCollectibleCards\\Fnaf Collectibles1.21.1\\build\\resources\\main from env
[07Juli2026 17:56:28.654] [main/DEBUG] [net.neoforged.fml.loading.targets.CommonLaunchHandler/CORE]: Found supplied mod coordinates [{fnaf_collectibles=[D:\GitHub\FNaFCollectibleCards\Fnaf Collectibles1.21.1\build\classes\java\main, D:\GitHub\FNaFCollectibleCards\Fnaf Collectibles1.21.1\build\resources\main]}]
[07Juli2026 17:56:28.657] [main/DEBUG] [net.neoforged.fml.loading.targets.CommonDevLaunchHandler/]: Launching with NeoForge from D:\GitHub\FNaFCollectibleCards\Fnaf Collectibles1.21.1\build\moddev\artifacts\neoforge-21.1.235.jar
[07Juli2026 17:56:28.680] [main/DEBUG] [net.neoforged.fml.util.ServiceLoaderUtil/CORE]: Found 4 implementations of IModFileCandidateLocator:
[07Juli2026 17:56:28.681] [main/DEBUG] [net.neoforged.fml.util.ServiceLoaderUtil/CORE]: 	       0 - [built-in] net.neoforged.fml.loading.moddiscovery.locators.NeoForgeDevProvider from loader-4.0.42.jar
[07Juli2026 17:56:28.681] [main/DEBUG] [net.neoforged.fml.util.ServiceLoaderUtil/CORE]: 	       0 - net.neoforged.fml.loading.moddiscovery.locators.ModsFolderLocator from loader-4.0.42.jar
[07Juli2026 17:56:28.682] [main/DEBUG] [net.neoforged.fml.util.ServiceLoaderUtil/CORE]: 	       0 - net.neoforged.fml.loading.moddiscovery.locators.MavenDirectoryLocator from loader-4.0.42.jar
[07Juli2026 17:56:28.682] [main/DEBUG] [net.neoforged.fml.util.ServiceLoaderUtil/CORE]: 	   -1000 - [built-in] net.neoforged.fml.loading.moddiscovery.locators.UserdevLocator from loader-4.0.42.jar
[07Juli2026 17:56:28.684] [main/DEBUG] [net.neoforged.fml.util.ServiceLoaderUtil/CORE]: Found 2 implementations of IModFileReader:
[07Juli2026 17:56:28.684] [main/DEBUG] [net.neoforged.fml.util.ServiceLoaderUtil/CORE]: 	       0 - net.neoforged.fml.loading.moddiscovery.readers.JarModsDotTomlModFileReader from loader-4.0.42.jar
[07Juli2026 17:56:28.685] [main/DEBUG] [net.neoforged.fml.util.ServiceLoaderUtil/CORE]: 	   -1000 - net.neoforged.fml.loading.moddiscovery.readers.NestedLibraryModReader from loader-4.0.42.jar
[07Juli2026 17:56:28.686] [main/DEBUG] [net.neoforged.fml.util.ServiceLoaderUtil/CORE]: Found 1 implementations of IDependencyLocator:
[07Juli2026 17:56:28.687] [main/DEBUG] [net.neoforged.fml.util.ServiceLoaderUtil/CORE]: 	       0 - net.neoforged.fml.loading.moddiscovery.locators.JarInJarDependencyLocator from loader-4.0.42.jar
[07Juli2026 17:56:28.812] [main/DEBUG] [net.neoforged.fml.loading.moddiscovery.ModFileInfo/LOADING]: Found valid mod file neoforge-21.1.235.jar with {minecraft} mods - versions {1.21.1}
[07Juli2026 17:56:28.826] [main/DEBUG] [net.neoforged.fml.loading.moddiscovery.ModFileParser/LOADING]: Considering mod file candidate D:\GitHub\FNaFCollectibleCards\Fnaf Collectibles1.21.1\build\moddev\artifacts\neoforge-21.1.235.jar
[07Juli2026 17:56:28.850] [main/DEBUG] [net.neoforged.fml.loading.moddiscovery.ModFileInfo/LOADING]: Found valid mod file neoforge-21.1.235.jar with {neoforge} mods - versions {21.1.235}
[07Juli2026 17:56:28.855] [main/DEBUG] [net.neoforged.fml.loading.moddiscovery.ModListHandler/CORE]: Found mod coordinates from lists: []
[07Juli2026 17:56:28.859] [main/DEBUG] [net.neoforged.fml.loading.moddiscovery.ModFileParser/LOADING]: Considering mod file candidate D:\GitHub\FNaFCollectibleCards\Fnaf Collectibles1.21.1\build\classes\java\main
[07Juli2026 17:56:28.866] [main/DEBUG] [net.neoforged.fml.loading.moddiscovery.ModFileInfo/LOADING]: Found valid mod file main with {fnaf_collectibles} mods - versions {1.0}
[07Juli2026 17:56:28.881] [main/DEBUG] [net.neoforged.fml.loading.moddiscovery.ModFileParser/LOADING]: Considering mod file candidate D:\GitHub\FNaFCollectibleCards\Fnaf Collectibles1.21.1\build\moddev\artifacts\neoforge-21.1.235.jar
[07Juli2026 17:56:28.883] [main/DEBUG] [net.neoforged.fml.loading.moddiscovery.ModFileInfo/LOADING]: Found valid mod file neoforge-21.1.235.jar with {neoforge} mods - versions {21.1.235}
[07Juli2026 17:56:28.921] [main/DEBUG] [net.neoforged.fml.loading.moddiscovery.ModDiscoverer/]: Skipping C:\Users\fnafh\.gradle\caches\modules-2\files-2.1\net.neoforged.fancymodloader\earlydisplay\4.0.42\46555dbfff14e9e052f1f693aed14d542a74e111\earlydisplay-4.0.42.jar because it was already located earlier
[07Juli2026 17:56:28.921] [main/DEBUG] [net.neoforged.fml.loading.moddiscovery.ModDiscoverer/]: Skipping C:\Users\fnafh\.gradle\caches\modules-2\files-2.1\net.neoforged.fancymodloader\loader\4.0.42\76e15f98bf676fb44b36c5e776f52a55581ec43a\loader-4.0.42.jar because it was already located earlier
[07Juli2026 17:56:28.922] [main/DEBUG] [net.neoforged.fml.loading.moddiscovery.ModDiscoverer/]: Skipping C:\Users\fnafh\.gradle\caches\modules-2\files-2.1\net.neoforged.accesstransformers\at-modlauncher\10.0.1\5aba50202aceead086bc09fbc2751c9f05cb4890\at-modlauncher-10.0.1.jar because it was already located earlier
[07Juli2026 17:56:28.922] [main/DEBUG] [net.neoforged.fml.loading.moddiscovery.ModDiscoverer/]: Skipping C:\Users\fnafh\.gradle\caches\modules-2\files-2.1\net.neoforged\accesstransformers\10.0.1\fd83b5725f76eae9115e9355fa1c456a6a441400\accesstransformers-10.0.1.jar because it was already located earlier
[07Juli2026 17:56:28.922] [main/DEBUG] [net.neoforged.fml.loading.moddiscovery.ModDiscoverer/]: Skipping C:\Users\fnafh\.gradle\caches\modules-2\files-2.1\net.neoforged\bus\8.0.5\5b2d33285ab5d1554e9798ad98c40d6ea3868bd5\bus-8.0.5.jar because it was already located earlier
[07Juli2026 17:56:28.924] [main/DEBUG] [net.neoforged.fml.loading.moddiscovery.ModDiscoverer/]: Skipping C:\Users\fnafh\.gradle\caches\modules-2\files-2.1\net.neoforged\coremods\7.0.3\9147e6f638b4272b3bd5fc8f92ad37802512c6c\coremods-7.0.3.jar because it was already located earlier
[07Juli2026 17:56:28.925] [main/DEBUG] [net.neoforged.fml.loading.moddiscovery.ModDiscoverer/]: Skipping C:\Users\fnafh\.gradle\caches\modules-2\files-2.1\cpw.mods\modlauncher\11.0.5\b8f0d49294f733fdb6173931b263553e943dc950\modlauncher-11.0.5.jar because it was already located earlier
[07Juli2026 17:56:28.925] [main/DEBUG] [net.neoforged.fml.loading.moddiscovery.ModDiscoverer/]: Skipping C:\Users\fnafh\.gradle\caches\modules-2\files-2.1\net.neoforged\mergetool\2.0.0\52fe1949be64e3303aabaaa21e315f551db9c9f4\mergetool-2.0.0-api.jar because it was already located earlier
[07Juli2026 17:56:28.926] [main/DEBUG] [net.neoforged.fml.loading.moddiscovery.ModDiscoverer/]: Skipping C:\Users\fnafh\.gradle\caches\modules-2\files-2.1\com.electronwill.night-config\toml\3.8.3\90b2fd6efcb4a7d5b9810cf78f9d824994d717f2\toml-3.8.3.jar because it was already located earlier
[07Juli2026 17:56:28.926] [main/DEBUG] [net.neoforged.fml.loading.moddiscovery.ModDiscoverer/]: Skipping C:\Users\fnafh\.gradle\caches\modules-2\files-2.1\com.electronwill.night-config\core\3.8.3\b442a95f09e349927f5a945ecb594455870fcf4f\core-3.8.3.jar because it was already located earlier
[07Juli2026 17:56:28.927] [main/DEBUG] [net.neoforged.fml.loading.moddiscovery.ModDiscoverer/]: Skipping C:\Users\fnafh\.gradle\caches\modules-2\files-2.1\net.neoforged\JarJarSelector\0.4.1\fb3cc7a58af22ad2880adb98af6d518128c47dae\JarJarSelector-0.4.1.jar because it was already located earlier
[07Juli2026 17:56:28.927] [main/DEBUG] [net.neoforged.fml.loading.moddiscovery.ModDiscoverer/]: Skipping C:\Users\fnafh\.gradle\caches\modules-2\files-2.1\net.neoforged\JarJarMetadata\0.4.1\f8da03683dc81694556dc3e177c5e3bb77ae6fcb\JarJarMetadata-0.4.1.jar because it was already located earlier
[07Juli2026 17:56:28.927] [main/DEBUG] [net.neoforged.fml.loading.moddiscovery.ModDiscoverer/]: Skipping C:\Users\fnafh\.gradle\caches\modules-2\files-2.1\org.apache.maven\maven-artifact\3.8.5\4433f50c07debefaed0553bd0068f4f48d449313\maven-artifact-3.8.5.jar because it was already located earlier
[07Juli2026 17:56:28.927] [main/DEBUG] [net.neoforged.fml.loading.moddiscovery.ModDiscoverer/]: Skipping C:\Users\fnafh\.gradle\caches\modules-2\files-2.1\net.jodah\typetools\0.6.3\a01aaa6ddaea9ec07ec4f209487b7a46a526283a\typetools-0.6.3.jar because it was already located earlier
[07Juli2026 17:56:28.927] [main/DEBUG] [net.neoforged.fml.loading.moddiscovery.ModDiscoverer/]: Skipping C:\Users\fnafh\.gradle\caches\modules-2\files-2.1\net.minecrell\terminalconsoleappender\1.3.0\b562e9bb61235c9520e26282cdee71f8f802d1fc\terminalconsoleappender-1.3.0.jar because it was already located earlier
[07Juli2026 17:56:28.928] [main/DEBUG] [net.neoforged.fml.loading.moddiscovery.ModDiscoverer/]: Skipping C:\Users\fnafh\.gradle\caches\modules-2\files-2.1\net.fabricmc\sponge-mixin\0.15.2+mixin.0.8.7\2af2f021d8e02a0220dc27a7a72b4666d66d44ca\sponge-mixin-0.15.2+mixin.0.8.7.jar because it was already located earlier
[07Juli2026 17:56:28.928] [main/DEBUG] [net.neoforged.fml.loading.moddiscovery.ModDiscoverer/]: Skipping C:\Users\fnafh\.gradle\caches\modules-2\files-2.1\org.openjdk.nashorn\nashorn-core\15.4\f67f5ffaa5f5130cf6fb9b133da00c7df3b532a5\nashorn-core-15.4.jar because it was already located earlier
[07Juli2026 17:56:28.928] [main/DEBUG] [net.neoforged.fml.loading.moddiscovery.ModDiscoverer/]: Skipping C:\Users\fnafh\.gradle\caches\modules-2\files-2.1\org.apache.commons\commons-lang3\3.14.0\1ed471194b02f2c6cb734a0cd6f6f107c673afae\commons-lang3-3.14.0.jar because it was already located earlier
[07Juli2026 17:56:28.928] [main/DEBUG] [net.neoforged.fml.loading.moddiscovery.ModDiscoverer/]: Skipping C:\Users\fnafh\.gradle\caches\modules-2\files-2.1\net.sf.jopt-simple\jopt-simple\5.0.4\4fdac2fbe92dfad86aa6e9301736f6b4342a3f5c\jopt-simple-5.0.4.jar because it was already located earlier
[07Juli2026 17:56:28.928] [main/DEBUG] [net.neoforged.fml.loading.moddiscovery.ModDiscoverer/]: Skipping C:\Users\fnafh\.gradle\caches\modules-2\files-2.1\commons-io\commons-io\2.15.1\f11560da189ab563a5c8e351941415430e9304ea\commons-io-2.15.1.jar because it was already located earlier
[07Juli2026 17:56:28.928] [main/DEBUG] [net.neoforged.fml.loading.moddiscovery.ModDiscoverer/]: Skipping C:\Users\fnafh\.gradle\caches\modules-2\files-2.1\com.mojang\logging\1.2.7\24cb95ffb0e3433fd6e844c04e68009e504ca1c0\logging-1.2.7.jar because it was already located earlier
[07Juli2026 17:56:28.928] [main/DEBUG] [net.neoforged.fml.loading.moddiscovery.ModDiscoverer/]: Skipping C:\Users\fnafh\.gradle\caches\modules-2\files-2.1\org.apache.logging.log4j\log4j-slf4j2-impl\2.22.1\d7e6693c2606cb7e7335047d7bb96dec52db5665\log4j-slf4j2-impl-2.22.1.jar because it was already located earlier
[07Juli2026 17:56:28.928] [main/DEBUG] [net.neoforged.fml.loading.moddiscovery.ModDiscoverer/]: Skipping C:\Users\fnafh\.gradle\caches\modules-2\files-2.1\org.apache.logging.log4j\log4j-core\2.22.1\7183a25510a02ad00cc6a95d3b3d2a7d3c5a8dc4\log4j-core-2.22.1.jar because it was already located earlier
[07Juli2026 17:56:28.929] [main/DEBUG] [net.neoforged.fml.loading.moddiscovery.ModDiscoverer/]: Skipping C:\Users\fnafh\.gradle\caches\modules-2\files-2.1\org.apache.logging.log4j\log4j-api\2.22.1\bea6fede6328fabafd7e68363161a7ea6605abd1\log4j-api-2.22.1.jar because it was already located earlier
[07Juli2026 17:56:28.929] [main/DEBUG] [net.neoforged.fml.loading.moddiscovery.ModDiscoverer/]: Skipping C:\Users\fnafh\.gradle\caches\modules-2\files-2.1\com.google.guava\guava\32.1.2-jre\5e64ec7e056456bef3a4bc4c6fdaef71e8ab6318\guava-32.1.2-jre.jar because it was already located earlier
[07Juli2026 17:56:28.929] [main/DEBUG] [net.neoforged.fml.loading.moddiscovery.ModDiscoverer/]: Skipping C:\Users\fnafh\.gradle\caches\modules-2\files-2.1\com.google.code.gson\gson\2.10.1\b3add478d4382b78ea20b1671390a858002feb6c\gson-2.10.1.jar because it was already located earlier
[07Juli2026 17:56:28.929] [main/DEBUG] [net.neoforged.fml.loading.moddiscovery.ModDiscoverer/]: Skipping C:\Users\fnafh\.gradle\caches\modules-2\files-2.1\org.slf4j\slf4j-api\2.0.9\7cf2726fdcfbc8610f9a71fb3ed639871f315340\slf4j-api-2.0.9.jar because it was already located earlier
[07Juli2026 17:56:28.929] [main/DEBUG] [net.neoforged.fml.loading.moddiscovery.ModDiscoverer/]: Skipping C:\Users\fnafh\.gradle\caches\modules-2\files-2.1\org.antlr\antlr4-runtime\4.13.1\17125bae1d965624e265ef49552f6465a2bfa307\antlr4-runtime-4.13.1.jar because it was already located earlier
[07Juli2026 17:56:28.929] [main/DEBUG] [net.neoforged.fml.loading.moddiscovery.ModDiscoverer/]: Skipping C:\Users\fnafh\.gradle\caches\modules-2\files-2.1\net.minecraftforge\srgutils\0.4.15\ca408b131759478f164e010fae0d73997e125fb5\srgutils-0.4.15.jar because it was already located earlier
[07Juli2026 17:56:28.929] [main/DEBUG] [net.neoforged.fml.loading.moddiscovery.ModDiscoverer/]: Skipping C:\Users\fnafh\.gradle\caches\modules-2\files-2.1\org.codehaus.plexus\plexus-utils\3.3.0\cf43b5391de623b36fe066a21127baef82c64022\plexus-utils-3.3.0.jar because it was already located earlier
[07Juli2026 17:56:28.929] [main/DEBUG] [net.neoforged.fml.loading.moddiscovery.ModDiscoverer/]: Skipping C:\Users\fnafh\.gradle\caches\modules-2\files-2.1\org.jline\jline-reader\3.20.0\8f15415b022a25b473e8e16c28ae913186ffb9c4\jline-reader-3.20.0.jar because it was already located earlier
[07Juli2026 17:56:28.929] [main/DEBUG] [net.neoforged.fml.loading.moddiscovery.ModDiscoverer/]: Skipping C:\Users\fnafh\.gradle\caches\modules-2\files-2.1\com.machinezoo.noexception\noexception\1.7.1\b65330c98e38a1f915fa54a6e5eca496505e3f0a\noexception-1.7.1.jar because it was already located earlier
[07Juli2026 17:56:28.930] [main/DEBUG] [net.neoforged.fml.loading.moddiscovery.ModDiscoverer/]: Skipping C:\Users\fnafh\.gradle\caches\modules-2\files-2.1\com.github.oshi\oshi-core\6.4.10\b1d8ab82d11d92fd639b56d639f8f46f739dd5fa\oshi-core-6.4.10.jar because it was already located earlier
[07Juli2026 17:56:28.930] [main/DEBUG] [net.neoforged.fml.loading.moddiscovery.ModDiscoverer/]: Skipping C:\Users\fnafh\.gradle\caches\modules-2\files-2.1\com.google.guava\failureaccess\1.0.1\1dcf1de382a0bf95a3d8b0849546c88bac1292c9\failureaccess-1.0.1.jar because it was already located earlier
[07Juli2026 17:56:28.930] [main/DEBUG] [net.neoforged.fml.loading.moddiscovery.ModDiscoverer/]: Skipping C:\Users\fnafh\.gradle\caches\modules-2\files-2.1\com.ibm.icu\icu4j\73.2\61ad4ef7f9131fcf6d25c34b817f90d6da06c9e9\icu4j-73.2.jar because it was already located earlier
[07Juli2026 17:56:28.930] [main/DEBUG] [net.neoforged.fml.loading.moddiscovery.ModDiscoverer/]: Skipping C:\Users\fnafh\.gradle\caches\modules-2\files-2.1\com.mojang\authlib\6.0.54\de8bc95660e1b2fe8793fd427a7a10dcec5b3ea7\authlib-6.0.54.jar because it was already located earlier
[07Juli2026 17:56:28.930] [main/DEBUG] [net.neoforged.fml.loading.moddiscovery.ModDiscoverer/]: Skipping C:\Users\fnafh\.gradle\caches\modules-2\files-2.1\com.mojang\blocklist\1.0.10\5c685c5ffa94c4cd39496c7184c1d122e515ecef\blocklist-1.0.10.jar because it was already located earlier
[07Juli2026 17:56:28.930] [main/DEBUG] [net.neoforged.fml.loading.moddiscovery.ModDiscoverer/]: Skipping C:\Users\fnafh\.gradle\caches\modules-2\files-2.1\com.mojang\brigadier\1.3.10\d15b53a14cf20fdcaa98f731af5dda654452c010\brigadier-1.3.10.jar because it was already located earlier
[07Juli2026 17:56:28.930] [main/DEBUG] [net.neoforged.fml.loading.moddiscovery.ModDiscoverer/]: Skipping C:\Users\fnafh\.gradle\caches\modules-2\files-2.1\com.mojang\datafixerupper\8.0.16\67d4de6d7f95d89bcf5862995fb854ebaec02a34\datafixerupper-8.0.16.jar because it was already located earlier
[07Juli2026 17:56:28.930] [main/DEBUG] [net.neoforged.fml.loading.moddiscovery.ModDiscoverer/]: Skipping C:\Users\fnafh\.gradle\caches\modules-2\files-2.1\com.mojang\patchy\2.2.10\da05971b07cbb379d002cf7eaec6a2048211fefc\patchy-2.2.10.jar because it was already located earlier
[07Juli2026 17:56:28.930] [main/DEBUG] [net.neoforged.fml.loading.moddiscovery.ModDiscoverer/]: Skipping C:\Users\fnafh\.gradle\caches\modules-2\files-2.1\com.mojang\text2speech\1.17.9\3cad216e3a7f0c19b4b394388bc9ffc446f13b14\text2speech-1.17.9.jar because it was already located earlier
[07Juli2026 17:56:28.931] [main/DEBUG] [net.neoforged.fml.loading.moddiscovery.ModDiscoverer/]: Skipping C:\Users\fnafh\.gradle\caches\modules-2\files-2.1\commons-codec\commons-codec\1.16.0\4e3eb3d79888d76b54e28b350915b5dc3919c9de\commons-codec-1.16.0.jar because it was already located earlier
[07Juli2026 17:56:28.931] [main/DEBUG] [net.neoforged.fml.loading.moddiscovery.ModDiscoverer/]: Skipping C:\Users\fnafh\.gradle\caches\modules-2\files-2.1\commons-logging\commons-logging\1.2\4bfc12adfe4842bf07b657f0369c4cb522955686\commons-logging-1.2.jar because it was already located earlier
[07Juli2026 17:56:28.931] [main/DEBUG] [net.neoforged.fml.loading.moddiscovery.ModDiscoverer/]: Skipping C:\Users\fnafh\.gradle\caches\modules-2\files-2.1\io.netty\netty-buffer\4.1.97.Final\f8f3d8644afa5e6e1a40a3a6aeb9d9aa970ecb4f\netty-buffer-4.1.97.Final.jar because it was already located earlier
[07Juli2026 17:56:28.931] [main/DEBUG] [net.neoforged.fml.loading.moddiscovery.ModDiscoverer/]: Skipping C:\Users\fnafh\.gradle\caches\modules-2\files-2.1\io.netty\netty-codec\4.1.97.Final\384ba4d75670befbedb45c4d3b497a93639c206d\netty-codec-4.1.97.Final.jar because it was already located earlier
[07Juli2026 17:56:28.931] [main/DEBUG] [net.neoforged.fml.loading.moddiscovery.ModDiscoverer/]: Skipping C:\Users\fnafh\.gradle\caches\modules-2\files-2.1\io.netty\netty-common\4.1.97.Final\7cceacaf11df8dc63f23d0fb58e9d4640fc88404\netty-common-4.1.97.Final.jar because it was already located earlier
[07Juli2026 17:56:28.931] [main/DEBUG] [net.neoforged.fml.loading.moddiscovery.ModDiscoverer/]: Skipping C:\Users\fnafh\.gradle\caches\modules-2\files-2.1\io.netty\netty-handler\4.1.97.Final\abb86c6906bf512bf2b797a41cd7d2e8d3cd7c36\netty-handler-4.1.97.Final.jar because it was already located earlier
[07Juli2026 17:56:28.931] [main/DEBUG] [net.neoforged.fml.loading.moddiscovery.ModDiscoverer/]: Skipping C:\Users\fnafh\.gradle\caches\modules-2\files-2.1\io.netty\netty-resolver\4.1.97.Final\cec8348108dc76c47cf87c669d514be52c922144\netty-resolver-4.1.97.Final.jar because it was already located earlier
[07Juli2026 17:56:28.931] [main/DEBUG] [net.neoforged.fml.loading.moddiscovery.ModDiscoverer/]: Skipping C:\Users\fnafh\.gradle\caches\modules-2\files-2.1\io.netty\netty-transport-classes-epoll\4.1.97.Final\795da37ded759e862457a82d9d92c4d39ce8ecee\netty-transport-classes-epoll-4.1.97.Final.jar because it was already located earlier
[07Juli2026 17:56:28.931] [main/DEBUG] [net.neoforged.fml.loading.moddiscovery.ModDiscoverer/]: Skipping C:\Users\fnafh\.gradle\caches\modules-2\files-2.1\io.netty\netty-transport-native-unix-common\4.1.97.Final\d469d84265ab70095b01b40886cabdd433b6e664\netty-transport-native-unix-common-4.1.97.Final.jar because it was already located earlier
[07Juli2026 17:56:28.932] [main/DEBUG] [net.neoforged.fml.loading.moddiscovery.ModDiscoverer/]: Skipping C:\Users\fnafh\.gradle\caches\modules-2\files-2.1\io.netty\netty-transport\4.1.97.Final\f37380d23c9bb079bc702910833b2fd532c9abd0\netty-transport-4.1.97.Final.jar because it was already located earlier
[07Juli2026 17:56:28.932] [main/DEBUG] [net.neoforged.fml.loading.moddiscovery.ModDiscoverer/]: Skipping C:\Users\fnafh\.gradle\caches\modules-2\files-2.1\it.unimi.dsi\fastutil\8.5.12\c24946d46824bd528054bface3231d2ecb7e95e8\fastutil-8.5.12.jar because it was already located earlier
[07Juli2026 17:56:28.932] [main/DEBUG] [net.neoforged.fml.loading.moddiscovery.ModDiscoverer/]: Skipping C:\Users\fnafh\.gradle\caches\modules-2\files-2.1\net.java.dev.jna\jna-platform\5.14.0\28934d48aed814f11e4c584da55c49fa7032b31b\jna-platform-5.14.0.jar because it was already located earlier
[07Juli2026 17:56:28.932] [main/DEBUG] [net.neoforged.fml.loading.moddiscovery.ModDiscoverer/]: Skipping C:\Users\fnafh\.gradle\caches\modules-2\files-2.1\net.java.dev.jna\jna\5.14.0\67bf3eaea4f0718cb376a181a629e5f88fa1c9dd\jna-5.14.0.jar because it was already located earlier
[07Juli2026 17:56:28.932] [main/DEBUG] [net.neoforged.fml.loading.moddiscovery.ModDiscoverer/]: Skipping C:\Users\fnafh\.gradle\caches\modules-2\files-2.1\org.apache.commons\commons-compress\1.26.0\659feffdd12280201c8aacb8f7be94f9a883c824\commons-compress-1.26.0.jar because it was already located earlier
[07Juli2026 17:56:28.932] [main/DEBUG] [net.neoforged.fml.loading.moddiscovery.ModDiscoverer/]: Skipping C:\Users\fnafh\.gradle\caches\modules-2\files-2.1\org.apache.httpcomponents\httpclient\4.5.13\e5f6cae5ca7ecaac1ec2827a9e2d65ae2869cada\httpclient-4.5.13.jar because it was already located earlier
[07Juli2026 17:56:28.932] [main/DEBUG] [net.neoforged.fml.loading.moddiscovery.ModDiscoverer/]: Skipping C:\Users\fnafh\.gradle\caches\modules-2\files-2.1\org.apache.httpcomponents\httpcore\4.4.16\51cf043c87253c9f58b539c9f7e44c8894223850\httpcore-4.4.16.jar because it was already located earlier
[07Juli2026 17:56:28.932] [main/DEBUG] [net.neoforged.fml.loading.moddiscovery.ModDiscoverer/]: Skipping C:\Users\fnafh\.gradle\caches\modules-2\files-2.1\org.jcraft\jorbis\0.0.17\8872d22b293e8f5d7d56ff92be966e6dc28ebdc6\jorbis-0.0.17.jar because it was already located earlier
[07Juli2026 17:56:28.933] [main/DEBUG] [net.neoforged.fml.loading.moddiscovery.ModDiscoverer/]: Skipping C:\Users\fnafh\.gradle\caches\modules-2\files-2.1\org.joml\joml\1.10.5\22566d58af70ad3d72308bab63b8339906deb649\joml-1.10.5.jar because it was already located earlier
[07Juli2026 17:56:28.933] [main/DEBUG] [net.neoforged.fml.loading.moddiscovery.ModDiscoverer/]: Skipping C:\Users\fnafh\.gradle\caches\modules-2\files-2.1\org.lwjgl\lwjgl-freetype\3.3.3\a0db6c84a8becc8ca05f9dbfa985edc348a824c7\lwjgl-freetype-3.3.3.jar because it was already located earlier
[07Juli2026 17:56:28.940] [main/DEBUG] [net.neoforged.fml.loading.moddiscovery.ModDiscoverer/]: Skipping C:\Users\fnafh\.gradle\caches\modules-2\files-2.1\org.lwjgl\lwjgl-freetype\3.3.3\15a8c1de7f51d07a92eae7ce1222557073a0c0c3\lwjgl-freetype-3.3.3-natives-windows-x86.jar because it was already located earlier
[07Juli2026 17:56:28.941] [main/DEBUG] [net.neoforged.fml.loading.moddiscovery.ModDiscoverer/]: Skipping C:\Users\fnafh\.gradle\caches\modules-2\files-2.1\org.lwjgl\lwjgl-glfw\3.3.3\efa1eb78c5ccd840e9f329717109b5e892d72f8e\lwjgl-glfw-3.3.3.jar because it was already located earlier
[07Juli2026 17:56:28.949] [main/DEBUG] [net.neoforged.fml.loading.moddiscovery.ModDiscoverer/]: Skipping C:\Users\fnafh\.gradle\caches\modules-2\files-2.1\org.lwjgl\lwjgl-glfw\3.3.3\32334f3fd5270a59bad9939a93115acb6de36dcf\lwjgl-glfw-3.3.3-natives-windows-x86.jar because it was already located earlier
[07Juli2026 17:56:28.949] [main/DEBUG] [net.neoforged.fml.loading.moddiscovery.ModDiscoverer/]: Skipping C:\Users\fnafh\.gradle\caches\modules-2\files-2.1\org.lwjgl\lwjgl-jemalloc\3.3.3\b543467b7ff3c6920539a88ee602d34098628be5\lwjgl-jemalloc-3.3.3.jar because it was already located earlier
[07Juli2026 17:56:28.950] [main/DEBUG] [net.neoforged.fml.loading.moddiscovery.ModDiscoverer/]: Skipping C:\Users\fnafh\.gradle\caches\modules-2\files-2.1\org.lwjgl\lwjgl-jemalloc\3.3.3\426222fc027602a5f21b9c0fe79cde6a4c7a011f\lwjgl-jemalloc-3.3.3-natives-windows.jar because it was already located earlier
[07Juli2026 17:56:28.952] [pool-2-thread-1/INFO] [EARLYDISPLAY/]: GL info: NVIDIA GeForce GTX 1050 Ti/PCIe/SSE2 GL version 4.6.0 NVIDIA 582.28, NVIDIA Corporation
[07Juli2026 17:56:28.961] [main/DEBUG] [net.neoforged.fml.loading.moddiscovery.ModDiscoverer/]: Skipping C:\Users\fnafh\.gradle\caches\modules-2\files-2.1\org.lwjgl\lwjgl-openal\3.3.3\daada81ceb5fc0c291fbfdd4433cb8d9423577f2\lwjgl-openal-3.3.3.jar because it was already located earlier
[07Juli2026 17:56:28.969] [main/DEBUG] [net.neoforged.fml.loading.moddiscovery.ModDiscoverer/]: Skipping C:\Users\fnafh\.gradle\caches\modules-2\files-2.1\org.lwjgl\lwjgl-openal\3.3.3\87b8d5050e3adb46bb58fe1cb2669a4a48fce10d\lwjgl-openal-3.3.3-natives-windows-x86.jar because it was already located earlier
[07Juli2026 17:56:28.969] [main/DEBUG] [net.neoforged.fml.loading.moddiscovery.ModDiscoverer/]: Skipping C:\Users\fnafh\.gradle\caches\modules-2\files-2.1\org.lwjgl\lwjgl-opengl\3.3.3\2f6b0147078396a58979125a4c947664e98293a\lwjgl-opengl-3.3.3.jar because it was already located earlier
[07Juli2026 17:56:28.976] [main/DEBUG] [net.neoforged.fml.loading.moddiscovery.ModDiscoverer/]: Skipping C:\Users\fnafh\.gradle\caches\modules-2\files-2.1\org.lwjgl\lwjgl-opengl\3.3.3\65e956d3735a1abdc82eff4baec1b61174697d4b\lwjgl-opengl-3.3.3-natives-windows-arm64.jar because it was already located earlier
[07Juli2026 17:56:28.980] [main/DEBUG] [net.neoforged.fml.loading.moddiscovery.ModDiscoverer/]: Skipping C:\Users\fnafh\.gradle\caches\modules-2\files-2.1\org.lwjgl\lwjgl-stb\3.3.3\25dd6161988d7e65f71d5065c99902402ee32746\lwjgl-stb-3.3.3.jar because it was already located earlier
[07Juli2026 17:56:28.980] [main/DEBUG] [net.neoforged.fml.loading.moddiscovery.ModDiscoverer/]: Skipping C:\Users\fnafh\.gradle\caches\modules-2\files-2.1\org.lwjgl\lwjgl-stb\3.3.3\1d9facdf6541de114b0f963be33505b7679c78cb\lwjgl-stb-3.3.3-natives-windows.jar because it was already located earlier
[07Juli2026 17:56:28.989] [main/DEBUG] [net.neoforged.fml.loading.moddiscovery.ModDiscoverer/]: Skipping C:\Users\fnafh\.gradle\caches\modules-2\files-2.1\org.lwjgl\lwjgl-tinyfd\3.3.3\82d755ca94b102e9ca77283b9e2dc46d1b15fbe5\lwjgl-tinyfd-3.3.3.jar because it was already located earlier
[07Juli2026 17:56:28.991] [main/DEBUG] [net.neoforged.fml.loading.moddiscovery.ModDiscoverer/]: Skipping C:\Users\fnafh\.gradle\caches\modules-2\files-2.1\org.lwjgl\lwjgl-tinyfd\3.3.3\a6697981b0449a5087c1d546fc08b4f73e8f98c9\lwjgl-tinyfd-3.3.3-natives-windows.jar because it was already located earlier
[07Juli2026 17:56:29.001] [main/DEBUG] [net.neoforged.fml.loading.moddiscovery.ModDiscoverer/]: Skipping C:\Users\fnafh\.gradle\caches\modules-2\files-2.1\org.lwjgl\lwjgl\3.3.3\29589b5f87ed335a6c7e7ee6a5775f81f97ecb84\lwjgl-3.3.3.jar because it was already located earlier
[07Juli2026 17:56:29.011] [main/DEBUG] [net.neoforged.fml.loading.moddiscovery.ModDiscoverer/]: Skipping C:\Users\fnafh\.gradle\caches\modules-2\files-2.1\org.lwjgl\lwjgl\3.3.3\9e670718e050aeaeea0c2d5b907cffb142f2e58f\lwjgl-3.3.3-natives-windows-x86.jar because it was already located earlier
[07Juli2026 17:56:29.011] [main/DEBUG] [net.neoforged.fml.loading.moddiscovery.ModDiscoverer/]: Skipping C:\Users\fnafh\.gradle\caches\modules-2\files-2.1\org.lz4\lz4-java\1.8.0\4b986a99445e49ea5fbf5d149c4b63f6ed6c6780\lz4-java-1.8.0.jar because it was already located earlier
[07Juli2026 17:56:29.011] [main/DEBUG] [net.neoforged.fml.loading.moddiscovery.ModDiscoverer/]: Skipping C:\Users\fnafh\.gradle\caches\modules-2\files-2.1\org.jline\jline-terminal\3.20.0\d0ddcc708ddf527a3454c941b7b9225cc83a15ff\jline-terminal-3.20.0.jar because it was already located earlier
[07Juli2026 17:56:29.012] [main/DEBUG] [net.neoforged.fml.loading.moddiscovery.ModDiscoverer/]: Skipping C:\Users\fnafh\.gradle\caches\modules-2\files-2.1\com.google.guava\listenablefuture\9999.0-empty-to-avoid-conflict-with-guava\b421526c5f297295adef1c886e5246c39d4ac629\listenablefuture-9999.0-empty-to-avoid-conflict-with-guava.jar because it was already located earlier
[07Juli2026 17:56:29.012] [main/DEBUG] [net.neoforged.fml.loading.moddiscovery.ModDiscoverer/]: Skipping C:\Users\fnafh\.gradle\caches\modules-2\files-2.1\com.google.code.findbugs\jsr305\3.0.2\25ea2e8b0c338a877313bd4672d3fe056ea78f0d\jsr305-3.0.2.jar because it was already located earlier
[07Juli2026 17:56:29.012] [main/DEBUG] [net.neoforged.fml.loading.moddiscovery.ModDiscoverer/]: Skipping C:\Users\fnafh\.gradle\caches\modules-2\files-2.1\org.checkerframework\checker-qual\3.33.0\de2b60b62da487644fc11f734e73c8b0b431238f\checker-qual-3.33.0.jar because it was already located earlier
[07Juli2026 17:56:29.012] [main/DEBUG] [net.neoforged.fml.loading.moddiscovery.ModDiscoverer/]: Skipping C:\Users\fnafh\.gradle\caches\modules-2\files-2.1\com.google.errorprone\error_prone_annotations\2.18.0\89b684257096f548fa39a7df9fdaa409d4d4df91\error_prone_annotations-2.18.0.jar because it was already located earlier
[07Juli2026 17:56:29.012] [main/DEBUG] [net.neoforged.fml.loading.moddiscovery.ModDiscoverer/]: Skipping C:\Users\fnafh\.gradle\caches\modules-2\files-2.1\com.google.j2objc\j2objc-annotations\2.8\c85270e307e7b822f1086b93689124b89768e273\j2objc-annotations-2.8.jar because it was already located earlier
[07Juli2026 17:56:29.015] [main/DEBUG] [net.neoforged.fml.loading.UniqueModListBuilder/]: Found 2 mods for first modid neoforge, selecting most recent based on version data
[07Juli2026 17:56:29.018] [main/DEBUG] [net.neoforged.fml.loading.UniqueModListBuilder/]: Selected file neoforge-21.1.235.jar for modid neoforge with version 21.1.235
[07Juli2026 17:56:29.195] [main/INFO] [net.neoforged.fml.loading.moddiscovery.locators.JarInJarDependencyLocator/]: Found 2 dependencies adding them to mods collection
[07Juli2026 17:56:29.197] [main/INFO] [net.neoforged.fml.loading.moddiscovery.ModDiscoverer/]: 
     Mod List:
		Name Version (Mod Id)

		Fnaf Collectibles 1.0 (fnaf_collectibles)
		Minecraft 1.21.1 (minecraft)
		NeoForge 21.1.235 (neoforge)
[07Juli2026 17:56:29.198] [main/DEBUG] [net.neoforged.fml.loading.moddiscovery.ModFileInfo/LOADING]: Found valid mod file neoforge-21.1.235.jar with {minecraft} mods - versions {1.21.1}
[07Juli2026 17:56:29.201] [main/DEBUG] [net.neoforged.fml.loading.moddiscovery.ModFile/LOADING]: Loading mod file D:\GitHub\FNaFCollectibleCards\Fnaf Collectibles1.21.1\build\moddev\artifacts\neoforge-21.1.235.jar with languages [LanguageSpec[languageName=minecraft, acceptedVersions=1]]
[07Juli2026 17:56:29.203] [main/DEBUG] [net.neoforged.fml.loading.moddiscovery.ModFileParser/LOADING]: Considering mod file candidate D:\GitHub\FNaFCollectibleCards\Fnaf Collectibles1.21.1\build\classes\java\main
[07Juli2026 17:56:29.206] [main/DEBUG] [net.neoforged.fml.loading.moddiscovery.ModFileInfo/LOADING]: Found valid mod file main with {fnaf_collectibles} mods - versions {1.0}
[07Juli2026 17:56:29.207] [main/DEBUG] [net.neoforged.fml.loading.moddiscovery.ModFile/LOADING]: Loading mod file D:\GitHub\FNaFCollectibleCards\Fnaf Collectibles1.21.1\build\classes\java\main with languages [LanguageSpec[languageName=javafml, acceptedVersions=[4,)]]
[07Juli2026 17:56:29.207] [main/DEBUG] [net.neoforged.fml.loading.moddiscovery.ModFileParser/LOADING]: Considering mod file candidate D:\GitHub\FNaFCollectibleCards\Fnaf Collectibles1.21.1\build\moddev\artifacts\neoforge-21.1.235.jar
[07Juli2026 17:56:29.210] [main/DEBUG] [net.neoforged.fml.loading.moddiscovery.ModFileInfo/LOADING]: Found valid mod file neoforge-21.1.235.jar with {neoforge} mods - versions {21.1.235}
[07Juli2026 17:56:29.210] [main/DEBUG] [net.neoforged.fml.loading.moddiscovery.ModFile/LOADING]: Loading mod file D:\GitHub\FNaFCollectibleCards\Fnaf Collectibles1.21.1\build\moddev\artifacts\neoforge-21.1.235.jar with languages [LanguageSpec[languageName=javafml, acceptedVersions=[3,]]]
[07Juli2026 17:56:29.211] [main/DEBUG] [net.neoforged.fml.loading.moddiscovery.ModFile/LOADING]: Found mixin config MixinConfig[config=neoforge.mixins.json, requiredMods=[]]
[07Juli2026 17:56:29.212] [main/DEBUG] [net.neoforged.fml.loading.moddiscovery.ModFile/LOADING]: Loading mod file  with languages []
[07Juli2026 17:56:29.213] [main/DEBUG] [cpw.mods.modlauncher.TransformationServiceDecorator/MODLAUNCHER]: End scan trigger - transformation service fml
[07Juli2026 17:56:29.225] [main/DEBUG] [net.neoforged.fml.util.ServiceLoaderUtil/CORE]: Found 3 implementations of IModLanguageLoader:
[07Juli2026 17:56:29.226] [main/DEBUG] [net.neoforged.fml.util.ServiceLoaderUtil/CORE]: 	net.neoforged.fml.javafmlmod.FMLJavaModLanguageProvider from loader-4.0.42.jar
[07Juli2026 17:56:29.226] [main/DEBUG] [net.neoforged.fml.util.ServiceLoaderUtil/CORE]: 	net.neoforged.fml.lowcodemod.LowCodeModLanguageProvider from loader-4.0.42.jar
[07Juli2026 17:56:29.227] [main/DEBUG] [net.neoforged.fml.util.ServiceLoaderUtil/CORE]: 	net.neoforged.fml.mclanguageprovider.MinecraftModLanguageProvider from loader-4.0.42.jar
[07Juli2026 17:56:29.227] [main/DEBUG] [net.neoforged.fml.loading.LanguageProviderLoader/CORE]: Found language provider javafml, version 4.0.42
[07Juli2026 17:56:29.229] [main/DEBUG] [net.neoforged.fml.loading.LanguageProviderLoader/CORE]: Found language provider lowcodefml, version 4.0.42
[07Juli2026 17:56:29.229] [main/DEBUG] [net.neoforged.fml.loading.LanguageProviderLoader/CORE]: Found language provider minecraft, version 4.0.42
[07Juli2026 17:56:29.235] [main/DEBUG] [net.neoforged.fml.loading.ModSorter/]: Configured system mods: [minecraft, neoforge]
[07Juli2026 17:56:29.236] [main/DEBUG] [net.neoforged.fml.loading.ModSorter/]: Found system mod: minecraft
[07Juli2026 17:56:29.236] [main/DEBUG] [net.neoforged.fml.loading.ModSorter/]: Found system mod: neoforge
[07Juli2026 17:56:29.239] [main/DEBUG] [net.neoforged.fml.loading.ModSorter/LOADING]: Found 2 mod requirements (2 mandatory, 0 optional)
[07Juli2026 17:56:29.241] [main/DEBUG] [net.neoforged.fml.loading.ModSorter/LOADING]: Found 0 mod requirements missing (0 mandatory, 0 optional)
[07Juli2026 17:56:29.441] [main/DEBUG] [mixin/]: Adding mixin platform agents for container net.neoforged.fml.loading.mixin.FMLMixinContainerHandle@fabb651
[07Juli2026 17:56:29.441] [main/DEBUG] [mixin/]: Instancing new MixinPlatformAgentMinecraftForge for net.neoforged.fml.loading.mixin.FMLMixinContainerHandle@fabb651
[07Juli2026 17:56:29.441] [main/DEBUG] [mixin/]: MixinPlatformAgentMinecraftForge rejected container net.neoforged.fml.loading.mixin.FMLMixinContainerHandle@fabb651
[07Juli2026 17:56:29.441] [main/DEBUG] [mixin/]: Instancing new MixinPlatformAgentDefault for net.neoforged.fml.loading.mixin.FMLMixinContainerHandle@fabb651
[07Juli2026 17:56:29.442] [main/DEBUG] [mixin/]: MixinPlatformAgentDefault accepted container net.neoforged.fml.loading.mixin.FMLMixinContainerHandle@fabb651
[07Juli2026 17:56:29.442] [main/DEBUG] [mixin/]: Instancing new FMLMixinPlatformAgent for net.neoforged.fml.loading.mixin.FMLMixinContainerHandle@fabb651
[07Juli2026 17:56:29.442] [main/DEBUG] [mixin/]: FMLMixinPlatformAgent accepted container net.neoforged.fml.loading.mixin.FMLMixinContainerHandle@fabb651
[07Juli2026 17:56:29.457] [main/DEBUG] [cpw.mods.modlauncher.TransformationServicesHandler/MODLAUNCHER]: Transformation services loading transformers
[07Juli2026 17:56:29.459] [main/DEBUG] [cpw.mods.modlauncher.TransformationServiceDecorator/MODLAUNCHER]: Initializing transformers for transformation service mixin
[07Juli2026 17:56:29.460] [main/DEBUG] [cpw.mods.modlauncher.TransformationServiceDecorator/MODLAUNCHER]: Initialized transformers for transformation service mixin
[07Juli2026 17:56:29.461] [main/DEBUG] [cpw.mods.modlauncher.TransformationServiceDecorator/MODLAUNCHER]: Initializing transformers for transformation service fml
[07Juli2026 17:56:29.461] [main/DEBUG] [net.neoforged.fml.loading.FMLServiceProvider/LOADING]: Loading coremod transformers
[07Juli2026 17:56:29.461] [main/DEBUG] [net.neoforged.fml.loading.FMLServiceProvider/CORE]: Not loading coremod script-engine since no mod requested it
[07Juli2026 17:56:29.462] [main/DEBUG] [net.neoforged.fml.util.ServiceLoaderUtil/CORE]: Found 1 implementations of ICoreMod:
[07Juli2026 17:56:29.462] [main/DEBUG] [net.neoforged.fml.util.ServiceLoaderUtil/CORE]: 	net.neoforged.neoforge.coremods.NeoForgeCoreMod from neoforge-21.1.235.jar > net.neoforged.neoforge-coremods-21.1.235.jar
[07Juli2026 17:56:29.469] [main/DEBUG] [net.neoforged.fml.loading.FMLServiceProvider/CORE]: Adding [Target[className=net.minecraft.world.level.biome.Biome, elementName=, elementDescriptor=, targetType=cpw.mods.modlauncher.api.TargetType@64712be]] transformer from core-mod net.neoforged.neoforge.coremods.NeoForgeCoreMod@6ba30587 in neoforge-21.1.235.jar > net.neoforged.neoforge-coremods-21.1.235.jar
[07Juli2026 17:56:29.470] [main/DEBUG] [net.neoforged.fml.loading.FMLServiceProvider/CORE]: Adding [Target[className=net.minecraft.world.level.levelgen.structure.Structure, elementName=, elementDescriptor=, targetType=cpw.mods.modlauncher.api.TargetType@64712be]] transformer from core-mod net.neoforged.neoforge.coremods.NeoForgeCoreMod@6ba30587 in neoforge-21.1.235.jar > net.neoforged.neoforge-coremods-21.1.235.jar
[07Juli2026 17:56:29.470] [main/DEBUG] [net.neoforged.fml.loading.FMLServiceProvider/CORE]: Adding [Target[className=net.minecraft.world.level.block.FlowerPotBlock, elementName=, elementDescriptor=, targetType=cpw.mods.modlauncher.api.TargetType@64712be]] transformer from core-mod net.neoforged.neoforge.coremods.NeoForgeCoreMod@6ba30587 in neoforge-21.1.235.jar > net.neoforged.neoforge-coremods-21.1.235.jar
[07Juli2026 17:56:29.470] [main/DEBUG] [net.neoforged.fml.loading.FMLServiceProvider/CORE]: Adding [Target[className=net/minecraft/world/level/levelgen/PhantomSpawner, elementName=, elementDescriptor=, targetType=cpw.mods.modlauncher.api.TargetType@64712be], Target[className=net/minecraft/world/entity/npc/CatSpawner, elementName=, elementDescriptor=, targetType=cpw.mods.modlauncher.api.TargetType@64712be], Target[className=net/minecraft/world/entity/npc/Villager, elementName=, elementDescriptor=, targetType=cpw.mods.modlauncher.api.TargetType@64712be], Target[className=net/minecraft/world/level/levelgen/structure/structures/WoodlandMansionPieces$WoodlandMansionPiece, elementName=, elementDescriptor=, targetType=cpw.mods.modlauncher.api.TargetType@64712be], Target[className=net/minecraft/server/commands/SummonCommand, elementName=, elementDescriptor=, targetType=cpw.mods.modlauncher.api.TargetType@64712be], Target[className=net/minecraft/world/entity/raid/Raid, elementName=, elementDescriptor=, targetType=cpw.mods.modlauncher.api.TargetType@64712be], Target[className=net/minecraft/world/level/NaturalSpawner, elementName=, elementDescriptor=, targetType=cpw.mods.modlauncher.api.TargetType@64712be], Target[className=net/minecraft/world/entity/monster/Spider, elementName=, elementDescriptor=, targetType=cpw.mods.modlauncher.api.TargetType@64712be], Target[className=net/minecraft/world/entity/monster/Zombie, elementName=, elementDescriptor=, targetType=cpw.mods.modlauncher.api.TargetType@64712be], Target[className=net/minecraft/world/entity/monster/ZombieVillager, elementName=, elementDescriptor=, targetType=cpw.mods.modlauncher.api.TargetType@64712be], Target[className=net/minecraft/world/level/levelgen/structure/structures/OceanMonumentPieces$OceanMonumentPiece, elementName=, elementDescriptor=, targetType=cpw.mods.modlauncher.api.TargetType@64712be], Target[className=net/minecraft/world/entity/monster/Evoker$EvokerSummonSpellGoal, elementName=, elementDescriptor=, targetType=cpw.mods.modlauncher.api.TargetType@64712be], Target[className=net/minecraft/server/commands/RaidCommand, elementName=, elementDescriptor=, targetType=cpw.mods.modlauncher.api.TargetType@64712be], Target[className=net/minecraft/world/entity/animal/frog/Tadpole, elementName=, elementDescriptor=, targetType=cpw.mods.modlauncher.api.TargetType@64712be], Target[className=net/minecraft/world/level/levelgen/structure/templatesystem/StructureTemplate, elementName=, elementDescriptor=, targetType=cpw.mods.modlauncher.api.TargetType@64712be], Target[className=net/minecraft/world/entity/EntityType, elementName=, elementDescriptor=, targetType=cpw.mods.modlauncher.api.TargetType@64712be], Target[className=net/minecraft/world/entity/animal/horse/SkeletonTrapGoal, elementName=, elementDescriptor=, targetType=cpw.mods.modlauncher.api.TargetType@64712be], Target[className=net/minecraft/world/entity/ai/village/VillageSiege, elementName=, elementDescriptor=, targetType=cpw.mods.modlauncher.api.TargetType@64712be], Target[className=net/minecraft/world/entity/monster/Strider, elementName=, elementDescriptor=, targetType=cpw.mods.modlauncher.api.TargetType@64712be], Target[className=net/minecraft/world/level/levelgen/structure/structures/SwampHutPiece, elementName=, elementDescriptor=, targetType=cpw.mods.modlauncher.api.TargetType@64712be], Target[className=net/minecraft/world/level/levelgen/structure/structures/OceanRuinPieces$OceanRuinPiece, elementName=, elementDescriptor=, targetType=cpw.mods.modlauncher.api.TargetType@64712be], Target[className=net/minecraft/world/level/levelgen/PatrolSpawner, elementName=, elementDescriptor=, targetType=cpw.mods.modlauncher.api.TargetType@64712be]] transformer from core-mod net.neoforged.neoforge.coremods.NeoForgeCoreMod@6ba30587 in neoforge-21.1.235.jar > net.neoforged.neoforge-coremods-21.1.235.jar
[07Juli2026 17:56:29.475] [main/DEBUG] [cpw.mods.modlauncher.TransformStore/MODLAUNCHER]: Adding transformer net.neoforged.neoforge.coremods.ReplaceFieldWithGetterAccess@7a7cc52c to Target : cpw.mods.modlauncher.api.TargetType@64712be {Lnet/minecraft/world/level/biome/Biome;} {} {V}
[07Juli2026 17:56:29.478] [main/DEBUG] [cpw.mods.modlauncher.TransformStore/MODLAUNCHER]: Adding transformer net.neoforged.neoforge.coremods.ReplaceFieldWithGetterAccess@72456279 to Target : cpw.mods.modlauncher.api.TargetType@64712be {Lnet/minecraft/world/level/levelgen/structure/Structure;} {} {V}
[07Juli2026 17:56:29.479] [main/DEBUG] [cpw.mods.modlauncher.TransformStore/MODLAUNCHER]: Adding transformer net.neoforged.neoforge.coremods.ReplaceFieldWithGetterAccess@53a9fcfd to Target : cpw.mods.modlauncher.api.TargetType@64712be {Lnet/minecraft/world/level/block/FlowerPotBlock;} {} {V}
[07Juli2026 17:56:29.479] [main/DEBUG] [cpw.mods.modlauncher.TransformStore/MODLAUNCHER]: Adding transformer net.neoforged.neoforge.coremods.MethodRedirector@21f459fc to Target : cpw.mods.modlauncher.api.TargetType@64712be {Lnet/minecraft/world/level/levelgen/PhantomSpawner;} {} {V}
[07Juli2026 17:56:29.479] [main/DEBUG] [cpw.mods.modlauncher.TransformStore/MODLAUNCHER]: Adding transformer net.neoforged.neoforge.coremods.MethodRedirector@21f459fc to Target : cpw.mods.modlauncher.api.TargetType@64712be {Lnet/minecraft/world/entity/npc/CatSpawner;} {} {V}
[07Juli2026 17:56:29.479] [main/DEBUG] [cpw.mods.modlauncher.TransformStore/MODLAUNCHER]: Adding transformer net.neoforged.neoforge.coremods.MethodRedirector@21f459fc to Target : cpw.mods.modlauncher.api.TargetType@64712be {Lnet/minecraft/world/entity/npc/Villager;} {} {V}
[07Juli2026 17:56:29.479] [main/DEBUG] [cpw.mods.modlauncher.TransformStore/MODLAUNCHER]: Adding transformer net.neoforged.neoforge.coremods.MethodRedirector@21f459fc to Target : cpw.mods.modlauncher.api.TargetType@64712be {Lnet/minecraft/world/level/levelgen/structure/structures/WoodlandMansionPieces$WoodlandMansionPiece;} {} {V}
[07Juli2026 17:56:29.479] [main/DEBUG] [cpw.mods.modlauncher.TransformStore/MODLAUNCHER]: Adding transformer net.neoforged.neoforge.coremods.MethodRedirector@21f459fc to Target : cpw.mods.modlauncher.api.TargetType@64712be {Lnet/minecraft/server/commands/SummonCommand;} {} {V}
[07Juli2026 17:56:29.479] [main/DEBUG] [cpw.mods.modlauncher.TransformStore/MODLAUNCHER]: Adding transformer net.neoforged.neoforge.coremods.MethodRedirector@21f459fc to Target : cpw.mods.modlauncher.api.TargetType@64712be {Lnet/minecraft/world/entity/raid/Raid;} {} {V}
[07Juli2026 17:56:29.480] [main/DEBUG] [cpw.mods.modlauncher.TransformStore/MODLAUNCHER]: Adding transformer net.neoforged.neoforge.coremods.MethodRedirector@21f459fc to Target : cpw.mods.modlauncher.api.TargetType@64712be {Lnet/minecraft/world/level/NaturalSpawner;} {} {V}
[07Juli2026 17:56:29.480] [main/DEBUG] [cpw.mods.modlauncher.TransformStore/MODLAUNCHER]: Adding transformer net.neoforged.neoforge.coremods.MethodRedirector@21f459fc to Target : cpw.mods.modlauncher.api.TargetType@64712be {Lnet/minecraft/world/entity/monster/Spider;} {} {V}
[07Juli2026 17:56:29.480] [main/DEBUG] [cpw.mods.modlauncher.TransformStore/MODLAUNCHER]: Adding transformer net.neoforged.neoforge.coremods.MethodRedirector@21f459fc to Target : cpw.mods.modlauncher.api.TargetType@64712be {Lnet/minecraft/world/entity/monster/Zombie;} {} {V}
[07Juli2026 17:56:29.480] [main/DEBUG] [cpw.mods.modlauncher.TransformStore/MODLAUNCHER]: Adding transformer net.neoforged.neoforge.coremods.MethodRedirector@21f459fc to Target : cpw.mods.modlauncher.api.TargetType@64712be {Lnet/minecraft/world/entity/monster/ZombieVillager;} {} {V}
[07Juli2026 17:56:29.480] [main/DEBUG] [cpw.mods.modlauncher.TransformStore/MODLAUNCHER]: Adding transformer net.neoforged.neoforge.coremods.MethodRedirector@21f459fc to Target : cpw.mods.modlauncher.api.TargetType@64712be {Lnet/minecraft/world/level/levelgen/structure/structures/OceanMonumentPieces$OceanMonumentPiece;} {} {V}
[07Juli2026 17:56:29.480] [main/DEBUG] [cpw.mods.modlauncher.TransformStore/MODLAUNCHER]: Adding transformer net.neoforged.neoforge.coremods.MethodRedirector@21f459fc to Target : cpw.mods.modlauncher.api.TargetType@64712be {Lnet/minecraft/world/entity/monster/Evoker$EvokerSummonSpellGoal;} {} {V}
[07Juli2026 17:56:29.480] [main/DEBUG] [cpw.mods.modlauncher.TransformStore/MODLAUNCHER]: Adding transformer net.neoforged.neoforge.coremods.MethodRedirector@21f459fc to Target : cpw.mods.modlauncher.api.TargetType@64712be {Lnet/minecraft/server/commands/RaidCommand;} {} {V}
[07Juli2026 17:56:29.480] [main/DEBUG] [cpw.mods.modlauncher.TransformStore/MODLAUNCHER]: Adding transformer net.neoforged.neoforge.coremods.MethodRedirector@21f459fc to Target : cpw.mods.modlauncher.api.TargetType@64712be {Lnet/minecraft/world/entity/animal/frog/Tadpole;} {} {V}
[07Juli2026 17:56:29.480] [main/DEBUG] [cpw.mods.modlauncher.TransformStore/MODLAUNCHER]: Adding transformer net.neoforged.neoforge.coremods.MethodRedirector@21f459fc to Target : cpw.mods.modlauncher.api.TargetType@64712be {Lnet/minecraft/world/level/levelgen/structure/templatesystem/StructureTemplate;} {} {V}
[07Juli2026 17:56:29.481] [main/DEBUG] [cpw.mods.modlauncher.TransformStore/MODLAUNCHER]: Adding transformer net.neoforged.neoforge.coremods.MethodRedirector@21f459fc to Target : cpw.mods.modlauncher.api.TargetType@64712be {Lnet/minecraft/world/entity/EntityType;} {} {V}
[07Juli2026 17:56:29.481] [main/DEBUG] [cpw.mods.modlauncher.TransformStore/MODLAUNCHER]: Adding transformer net.neoforged.neoforge.coremods.MethodRedirector@21f459fc to Target : cpw.mods.modlauncher.api.TargetType@64712be {Lnet/minecraft/world/entity/animal/horse/SkeletonTrapGoal;} {} {V}
[07Juli2026 17:56:29.481] [main/DEBUG] [cpw.mods.modlauncher.TransformStore/MODLAUNCHER]: Adding transformer net.neoforged.neoforge.coremods.MethodRedirector@21f459fc to Target : cpw.mods.modlauncher.api.TargetType@64712be {Lnet/minecraft/world/entity/ai/village/VillageSiege;} {} {V}
[07Juli2026 17:56:29.481] [main/DEBUG] [cpw.mods.modlauncher.TransformStore/MODLAUNCHER]: Adding transformer net.neoforged.neoforge.coremods.MethodRedirector@21f459fc to Target : cpw.mods.modlauncher.api.TargetType@64712be {Lnet/minecraft/world/entity/monster/Strider;} {} {V}
[07Juli2026 17:56:29.481] [main/DEBUG] [cpw.mods.modlauncher.TransformStore/MODLAUNCHER]: Adding transformer net.neoforged.neoforge.coremods.MethodRedirector@21f459fc to Target : cpw.mods.modlauncher.api.TargetType@64712be {Lnet/minecraft/world/level/levelgen/structure/structures/SwampHutPiece;} {} {V}
[07Juli2026 17:56:29.481] [main/DEBUG] [cpw.mods.modlauncher.TransformStore/MODLAUNCHER]: Adding transformer net.neoforged.neoforge.coremods.MethodRedirector@21f459fc to Target : cpw.mods.modlauncher.api.TargetType@64712be {Lnet/minecraft/world/level/levelgen/structure/structures/OceanRuinPieces$OceanRuinPiece;} {} {V}
[07Juli2026 17:56:29.481] [main/DEBUG] [cpw.mods.modlauncher.TransformStore/MODLAUNCHER]: Adding transformer net.neoforged.neoforge.coremods.MethodRedirector@21f459fc to Target : cpw.mods.modlauncher.api.TargetType@64712be {Lnet/minecraft/world/level/levelgen/PatrolSpawner;} {} {V}
[07Juli2026 17:56:29.481] [main/DEBUG] [cpw.mods.modlauncher.TransformationServiceDecorator/MODLAUNCHER]: Initialized transformers for transformation service fml
[07Juli2026 17:56:30.391] [main/DEBUG] [mixin/]: Processing prepare() for PlatformAgent[MixinPlatformAgentDefault:ModLauncher Root Container(ModLauncher:4f56a0a2)]
[07Juli2026 17:56:30.392] [main/DEBUG] [mixin/]: Processing prepare() for PlatformAgent[MixinPlatformAgentDefault:net.neoforged.fml.loading.mixin.FMLMixinContainerHandle@fabb651]
[07Juli2026 17:56:30.392] [main/DEBUG] [mixin/]: Processing prepare() for PlatformAgent[FMLMixinPlatformAgent:null]
[07Juli2026 17:56:30.441] [main/DEBUG] [mixin/]: Processing launch tasks for PlatformAgent[MixinPlatformAgentDefault:ModLauncher Root Container(ModLauncher:4f56a0a2)]
[07Juli2026 17:56:30.441] [main/DEBUG] [mixin/]: Adding mixin platform agents for container SecureJarResource(mixin_synthetic)
[07Juli2026 17:56:30.441] [main/DEBUG] [mixin/]: Instancing new MixinPlatformAgentMinecraftForge for SecureJarResource(mixin_synthetic)
[07Juli2026 17:56:30.441] [main/DEBUG] [mixin/]: MixinPlatformAgentMinecraftForge rejected container SecureJarResource(mixin_synthetic)
[07Juli2026 17:56:30.442] [main/DEBUG] [mixin/]: Instancing new MixinPlatformAgentDefault for SecureJarResource(mixin_synthetic)
[07Juli2026 17:56:30.442] [main/DEBUG] [mixin/]: MixinPlatformAgentDefault accepted container SecureJarResource(mixin_synthetic)
[07Juli2026 17:56:30.442] [main/DEBUG] [mixin/]: Instancing new FMLMixinPlatformAgent for SecureJarResource(mixin_synthetic)
[07Juli2026 17:56:30.442] [main/DEBUG] [mixin/]: FMLMixinPlatformAgent rejected container SecureJarResource(mixin_synthetic)
[07Juli2026 17:56:30.442] [main/DEBUG] [mixin/]: Processing prepare() for PlatformAgent[MixinPlatformAgentDefault:SecureJarResource(mixin_synthetic)]
[07Juli2026 17:56:30.442] [main/DEBUG] [mixin/]: Adding mixin platform agents for container SecureJarResource(minecraft)
[07Juli2026 17:56:30.442] [main/DEBUG] [mixin/]: Instancing new MixinPlatformAgentMinecraftForge for SecureJarResource(minecraft)
[07Juli2026 17:56:30.442] [main/DEBUG] [mixin/]: MixinPlatformAgentMinecraftForge rejected container SecureJarResource(minecraft)
[07Juli2026 17:56:30.443] [main/DEBUG] [mixin/]: Instancing new MixinPlatformAgentDefault for SecureJarResource(minecraft)
[07Juli2026 17:56:30.443] [main/DEBUG] [mixin/]: MixinPlatformAgentDefault accepted container SecureJarResource(minecraft)
[07Juli2026 17:56:30.443] [main/DEBUG] [mixin/]: Instancing new FMLMixinPlatformAgent for SecureJarResource(minecraft)
[07Juli2026 17:56:30.443] [main/DEBUG] [mixin/]: FMLMixinPlatformAgent rejected container SecureJarResource(minecraft)
[07Juli2026 17:56:30.443] [main/DEBUG] [mixin/]: Processing prepare() for PlatformAgent[MixinPlatformAgentDefault:SecureJarResource(minecraft)]
[07Juli2026 17:56:30.443] [main/DEBUG] [mixin/]: Adding mixin platform agents for container SecureJarResource(fnaf_collectibles)
[07Juli2026 17:56:30.444] [main/DEBUG] [mixin/]: Instancing new MixinPlatformAgentMinecraftForge for SecureJarResource(fnaf_collectibles)
[07Juli2026 17:56:30.444] [main/DEBUG] [mixin/]: MixinPlatformAgentMinecraftForge rejected container SecureJarResource(fnaf_collectibles)
[07Juli2026 17:56:30.444] [main/DEBUG] [mixin/]: Instancing new MixinPlatformAgentDefault for SecureJarResource(fnaf_collectibles)
[07Juli2026 17:56:30.444] [main/DEBUG] [mixin/]: MixinPlatformAgentDefault accepted container SecureJarResource(fnaf_collectibles)
[07Juli2026 17:56:30.444] [main/DEBUG] [mixin/]: Instancing new FMLMixinPlatformAgent for SecureJarResource(fnaf_collectibles)
[07Juli2026 17:56:30.444] [main/DEBUG] [mixin/]: FMLMixinPlatformAgent rejected container SecureJarResource(fnaf_collectibles)
[07Juli2026 17:56:30.444] [main/DEBUG] [mixin/]: Processing prepare() for PlatformAgent[MixinPlatformAgentDefault:SecureJarResource(fnaf_collectibles)]
[07Juli2026 17:56:30.444] [main/DEBUG] [mixin/]: Adding mixin platform agents for container SecureJarResource(mixinextras.neoforge)
[07Juli2026 17:56:30.444] [main/DEBUG] [mixin/]: Instancing new MixinPlatformAgentMinecraftForge for SecureJarResource(mixinextras.neoforge)
[07Juli2026 17:56:30.445] [main/DEBUG] [mixin/]: MixinPlatformAgentMinecraftForge rejected container SecureJarResource(mixinextras.neoforge)
[07Juli2026 17:56:30.445] [main/DEBUG] [mixin/]: Instancing new MixinPlatformAgentDefault for SecureJarResource(mixinextras.neoforge)
[07Juli2026 17:56:30.445] [main/DEBUG] [mixin/]: MixinPlatformAgentDefault accepted container SecureJarResource(mixinextras.neoforge)
[07Juli2026 17:56:30.445] [main/DEBUG] [mixin/]: Instancing new FMLMixinPlatformAgent for SecureJarResource(mixinextras.neoforge)
[07Juli2026 17:56:30.445] [main/DEBUG] [mixin/]: FMLMixinPlatformAgent rejected container SecureJarResource(mixinextras.neoforge)
[07Juli2026 17:56:30.445] [main/DEBUG] [mixin/]: Processing prepare() for PlatformAgent[MixinPlatformAgentDefault:SecureJarResource(mixinextras.neoforge)]
[07Juli2026 17:56:30.445] [main/DEBUG] [mixin/]: Registering mixin config: mixinextras.init.mixins.json source=SecureJarResource(mixinextras.neoforge)
[07Juli2026 17:56:30.447] [main/DEBUG] [mixin/]: inject() running with 6 agents
[07Juli2026 17:56:30.447] [main/DEBUG] [mixin/]: Processing inject() for PlatformAgent[MixinPlatformAgentDefault:ModLauncher Root Container(ModLauncher:4f56a0a2)]
[07Juli2026 17:56:30.447] [main/DEBUG] [mixin/]: Processing inject() for PlatformAgent[MixinPlatformAgentDefault:net.neoforged.fml.loading.mixin.FMLMixinContainerHandle@fabb651]
[07Juli2026 17:56:30.447] [main/DEBUG] [mixin/]: Processing inject() for PlatformAgent[FMLMixinPlatformAgent:null]
[07Juli2026 17:56:30.447] [main/DEBUG] [mixin/]: Processing inject() for PlatformAgent[MixinPlatformAgentDefault:SecureJarResource(mixin_synthetic)]
[07Juli2026 17:56:30.447] [main/DEBUG] [mixin/]: Processing inject() for PlatformAgent[MixinPlatformAgentDefault:SecureJarResource(minecraft)]
[07Juli2026 17:56:30.447] [main/DEBUG] [mixin/]: Processing inject() for PlatformAgent[MixinPlatformAgentDefault:SecureJarResource(fnaf_collectibles)]
[07Juli2026 17:56:30.448] [main/DEBUG] [mixin/]: Processing inject() for PlatformAgent[MixinPlatformAgentDefault:SecureJarResource(mixinextras.neoforge)]
[07Juli2026 17:56:30.448] [main/INFO] [cpw.mods.modlauncher.LaunchServiceHandler/MODLAUNCHER]: Launching target 'forgeclientdev' with arguments [--version, 21.1.235, --gameDir, ., --assetsDir, C:\Users\fnafh\.gradle\caches\neoformruntime\assets, --assetIndex, 17]
[07Juli2026 17:56:30.520] [main/DEBUG] [mixin/]: Preparing mixins for MixinEnvironment[DEFAULT]
[07Juli2026 17:56:30.520] [main/DEBUG] [mixin/]: Selecting config neoforge.mixins.json
[07Juli2026 17:56:30.527] [main/DEBUG] [mixin/]: Selecting config mixinextras.init.mixins.json
[07Juli2026 17:56:30.584] [main/DEBUG] [MixinExtras|Service/]: com.llamalad7.mixinextras.service.MixinExtrasServiceImpl(version=0.5.3) is taking over from null
[07Juli2026 17:56:30.627] [main/DEBUG] [mixin/]: Registering new injector for @Inject with org.spongepowered.asm.mixin.injection.struct.CallbackInjectionInfo
[07Juli2026 17:56:30.629] [main/DEBUG] [mixin/]: Registering new injector for @ModifyArg with org.spongepowered.asm.mixin.injection.struct.ModifyArgInjectionInfo
[07Juli2026 17:56:30.631] [main/DEBUG] [mixin/]: Registering new injector for @ModifyArgs with org.spongepowered.asm.mixin.injection.struct.ModifyArgsInjectionInfo
[07Juli2026 17:56:30.632] [main/DEBUG] [mixin/]: Registering new injector for @Redirect with org.spongepowered.asm.mixin.injection.struct.RedirectInjectionInfo
[07Juli2026 17:56:30.634] [main/DEBUG] [mixin/]: Registering new injector for @ModifyVariable with org.spongepowered.asm.mixin.injection.struct.ModifyVariableInjectionInfo
[07Juli2026 17:56:30.635] [main/DEBUG] [mixin/]: Registering new injector for @ModifyConstant with org.spongepowered.asm.mixin.injection.struct.ModifyConstantInjectionInfo
[07Juli2026 17:56:30.650] [main/DEBUG] [mixin/]: Preparing neoforge.mixins.json (2)
[07Juli2026 17:56:30.701] [main/DEBUG] [mixin/]: Preparing mixinextras.init.mixins.json (0)
[07Juli2026 17:56:30.931] [main/DEBUG] [io.netty.util.internal.logging.InternalLoggerFactory/]: Using SLF4J as the default logging framework
[07Juli2026 17:56:30.933] [main/DEBUG] [io.netty.util.ResourceLeakDetector/]: -Dio.netty.leakDetection.level: simple
[07Juli2026 17:56:30.933] [main/DEBUG] [io.netty.util.ResourceLeakDetector/]: -Dio.netty.leakDetection.targetRecords: 4
[07Juli2026 17:56:32.059] [main/DEBUG] [oshi.util.FileUtil/]: No oshi.properties file found from ClassLoader cpw.mods.modlauncher.TransformingClassLoader@10f19647
[07Juli2026 17:56:33.013] [Datafixer Bootstrap/INFO] [com.mojang.datafixers.DataFixerBuilder/]: 229 Datafixer optimizations took 988 milliseconds
[07Juli2026 17:56:33.119] [main/DEBUG] [oshi.util.FileUtil/]: No oshi.architecture.properties file found from ClassLoader cpw.mods.modlauncher.TransformingClassLoader@10f19647
[07Juli2026 17:56:33.243] [pool-7-thread-1/INFO] [MixinExtras|Service/]: Initializing MixinExtras via com.llamalad7.mixinextras.service.MixinExtrasServiceImpl(version=0.5.3).
[07Juli2026 17:56:33.244] [pool-7-thread-1/DEBUG] [mixin/]: Registering new injector for @SugarWrapper with com.llamalad7.mixinextras.sugar.impl.SugarWrapperInjectionInfo
[07Juli2026 17:56:33.244] [pool-7-thread-1/DEBUG] [mixin/]: Registering new injector for @FactoryRedirectWrapper with com.llamalad7.mixinextras.wrapper.factory.FactoryRedirectWrapperInjectionInfo
[07Juli2026 17:56:33.245] [pool-7-thread-1/DEBUG] [mixin/]: Registering new injector for @ExpressionInjectorWrapper with com.llamalad7.mixinextras.expression.impl.wrapper.ExpressionInjectorWrapperInjectionInfo
[07Juli2026 17:56:33.261] [pool-7-thread-1/DEBUG] [mixin/]: Mixing MappedRegistryAccessor from neoforge.mixins.json into net.minecraft.core.MappedRegistry
[07Juli2026 17:56:33.265] [pool-7-thread-1/DEBUG] [mixin/]: neoforge.mixins.json:MappedRegistryAccessor from mod neoforge: Class version 65 required is higher than the class version supported by the current version of Mixin (JAVA_16 supports class version 60)
[07Juli2026 17:56:34.487] [pool-7-thread-1/DEBUG] [mixin/]: Mixing BlockEntityTypeAccessor from neoforge.mixins.json into net.minecraft.world.level.block.entity.BlockEntityType
[07Juli2026 17:56:34.487] [pool-7-thread-1/DEBUG] [mixin/]: neoforge.mixins.json:BlockEntityTypeAccessor from mod neoforge: Class version 65 required is higher than the class version supported by the current version of Mixin (JAVA_16 supports class version 60)
[07Juli2026 17:56:36.386] [pool-7-thread-1/DEBUG] [io.netty.util.internal.PlatformDependent0/]: -Dio.netty.noUnsafe: false
[07Juli2026 17:56:36.387] [pool-7-thread-1/DEBUG] [io.netty.util.internal.PlatformDependent0/]: Java version: 21
[07Juli2026 17:56:36.387] [pool-7-thread-1/DEBUG] [io.netty.util.internal.PlatformDependent0/]: sun.misc.Unsafe.theUnsafe: available
[07Juli2026 17:56:36.388] [pool-7-thread-1/DEBUG] [io.netty.util.internal.PlatformDependent0/]: sun.misc.Unsafe.copyMemory: available
[07Juli2026 17:56:36.389] [pool-7-thread-1/DEBUG] [io.netty.util.internal.PlatformDependent0/]: sun.misc.Unsafe.storeFence: available
[07Juli2026 17:56:36.390] [pool-7-thread-1/DEBUG] [io.netty.util.internal.PlatformDependent0/]: java.nio.Buffer.address: available
[07Juli2026 17:56:36.391] [pool-7-thread-1/DEBUG] [io.netty.util.internal.PlatformDependent0/]: direct buffer constructor: unavailable: Reflective setAccessible(true) disabled
[07Juli2026 17:56:36.392] [pool-7-thread-1/DEBUG] [io.netty.util.internal.PlatformDependent0/]: java.nio.Bits.unaligned: available, true
[07Juli2026 17:56:36.394] [pool-7-thread-1/DEBUG] [io.netty.util.internal.PlatformDependent0/]: jdk.internal.misc.Unsafe.allocateUninitializedArray(int): unavailable: class io.netty.util.internal.PlatformDependent0$7 (in module io.netty.common) cannot access class jdk.internal.misc.Unsafe (in module java.base) because module java.base does not export jdk.internal.misc to module io.netty.common
[07Juli2026 17:56:36.395] [pool-7-thread-1/DEBUG] [io.netty.util.internal.PlatformDependent0/]: java.nio.DirectByteBuffer.<init>(long, {int,long}): unavailable
[07Juli2026 17:56:36.395] [pool-7-thread-1/DEBUG] [io.netty.util.internal.PlatformDependent/]: sun.misc.Unsafe: available
[07Juli2026 17:56:36.396] [pool-7-thread-1/DEBUG] [io.netty.util.internal.PlatformDependent/]: maxDirectMemory: 6396313600 bytes (maybe)
[07Juli2026 17:56:36.396] [pool-7-thread-1/DEBUG] [io.netty.util.internal.PlatformDependent/]: -Dio.netty.tmpdir: C:\Users\fnafh\AppData\Local\Temp (java.io.tmpdir)
[07Juli2026 17:56:36.396] [pool-7-thread-1/DEBUG] [io.netty.util.internal.PlatformDependent/]: -Dio.netty.bitMode: 64 (sun.arch.data.model)
[07Juli2026 17:56:36.397] [pool-7-thread-1/DEBUG] [io.netty.util.internal.PlatformDependent/]: Platform: Windows
[07Juli2026 17:56:36.398] [pool-7-thread-1/DEBUG] [io.netty.util.internal.PlatformDependent/]: -Dio.netty.maxDirectMemory: -1 bytes
[07Juli2026 17:56:36.398] [pool-7-thread-1/DEBUG] [io.netty.util.internal.PlatformDependent/]: -Dio.netty.uninitializedArrayAllocationThreshold: -1
[07Juli2026 17:56:36.399] [pool-7-thread-1/DEBUG] [io.netty.util.internal.CleanerJava9/]: java.nio.ByteBuffer.cleaner(): available
[07Juli2026 17:56:36.399] [pool-7-thread-1/DEBUG] [io.netty.util.internal.PlatformDependent/]: -Dio.netty.noPreferDirect: false
[07Juli2026 17:56:39.967] [main/WARN] [net.minecraft.commands.Commands/]: Ambiguity between arguments [teleport, location] and [teleport, destination] with inputs: [0.1 -0.5 .9, 0 0 0]
[07Juli2026 17:56:39.968] [main/WARN] [net.minecraft.commands.Commands/]: Ambiguity between arguments [teleport, location] and [teleport, targets] with inputs: [0.1 -0.5 .9, 0 0 0]
[07Juli2026 17:56:39.973] [main/WARN] [net.minecraft.commands.Commands/]: Ambiguity between arguments [teleport, destination] and [teleport, targets] with inputs: [Player, 0123, @e, dd12be42-52a9-4a91-a8a1-11c01849e498]
[07Juli2026 17:56:39.975] [main/WARN] [net.minecraft.commands.Commands/]: Ambiguity between arguments [teleport, targets] and [teleport, destination] with inputs: [Player, 0123, dd12be42-52a9-4a91-a8a1-11c01849e498]
[07Juli2026 17:56:39.977] [main/WARN] [net.minecraft.commands.Commands/]: Ambiguity between arguments [teleport, targets, location] and [teleport, targets, destination] with inputs: [0.1 -0.5 .9, 0 0 0]
[07Juli2026 17:56:40.230] [Render thread/WARN] [net.minecraft.server.packs.VanillaPackResourcesBuilder/]: Assets URL 'union:/D:/GitHub/FNaFCollectibleCards/Fnaf%20Collectibles1.21.1/build/moddev/artifacts/neoforge-21.1.235.jar%23189!/assets/.mcassetsroot' uses unexpected schema
[07Juli2026 17:56:40.231] [Render thread/WARN] [net.minecraft.server.packs.VanillaPackResourcesBuilder/]: Assets URL 'union:/D:/GitHub/FNaFCollectibleCards/Fnaf%20Collectibles1.21.1/build/moddev/artifacts/neoforge-21.1.235.jar%23189!/data/.mcassetsroot' uses unexpected schema
[07Juli2026 17:56:40.270] [Render thread/INFO] [com.mojang.authlib.yggdrasil.YggdrasilAuthenticationService/]: Environment: Environment[sessionHost=https://sessionserver.mojang.com, servicesHost=https://api.minecraftservices.com, name=PROD]
[07Juli2026 17:56:40.303] [Render thread/INFO] [net.minecraft.client.Minecraft/]: Setting user: Dev
[07Juli2026 17:56:40.414] [Render thread/INFO] [net.minecraft.client.Minecraft/]: Backend library: LWJGL version 3.3.3+5
[07Juli2026 17:56:40.724] [Render thread/DEBUG] [net.neoforged.fml.ModWorkManager/LOADING]: Using 6 threads for parallel mod-loading
[07Juli2026 17:56:40.740] [Render thread/DEBUG] [net.neoforged.fml.javafmlmod.FMLModContainer/LOADING]: Creating FMLModContainer instance for [de.fnafhc.fnaf_collectibles.Fnaf_Collectibles]
[07Juli2026 17:56:40.745] [Render thread/DEBUG] [net.neoforged.fml.javafmlmod.FMLModContainer/LOADING]: Creating FMLModContainer instance for [net.neoforged.neoforge.common.NeoForgeMod, net.neoforged.neoforge.client.ClientNeoForgeMod]
[07Juli2026 17:56:40.783] [modloading-worker-0/DEBUG] [net.neoforged.neoforge.internal.versions.neoforge.NeoForgeVersion/CORE]: Found NeoForge version 21.1.235
[07Juli2026 17:56:40.784] [modloading-worker-0/DEBUG] [net.neoforged.neoforge.internal.versions.neoforge.NeoForgeVersion/CORE]: Found FML version 4.0.42
[07Juli2026 17:56:40.784] [modloading-worker-0/INFO] [net.neoforged.neoforge.common.NeoForgeMod/NEOFORGE-MOD]: NeoForge mod loading, version 21.1.235, for MC 1.21.1
[07Juli2026 17:56:40.798] [modloading-worker-0/DEBUG] [net.neoforged.fml.javafmlmod.AutomaticEventSubscriber/LOADING]: Attempting to inject @EventBusSubscriber classes into the eventbus for fnaf_collectibles
[07Juli2026 17:56:40.799] [modloading-worker-0/DEBUG] [net.neoforged.fml.javafmlmod.AutomaticEventSubscriber/LOADING]: Scanning class de.fnafhc.fnaf_collectibles.Fnaf_Collectibles$ClientModEvents for @SubscribeEvent-annotated methods
[07Juli2026 17:56:40.801] [modloading-worker-0/DEBUG] [net.neoforged.fml.javafmlmod.AutomaticEventSubscriber/]: Subscribing @EventBusSubscriber class Lde/fnafhc/fnaf_collectibles/Fnaf_Collectibles$ClientModEvents; to the mod event bus of mod fnaf_collectibles
[07Juli2026 17:56:40.801] [modloading-worker-0/DEBUG] [net.neoforged.fml.javafmlmod.AutomaticEventSubscriber/LOADING]: Scanning class de.fnafhc.fnaf_collectibles.utils.PacketManager for @SubscribeEvent-annotated methods
[07Juli2026 17:56:40.801] [modloading-worker-0/DEBUG] [net.neoforged.fml.javafmlmod.AutomaticEventSubscriber/]: Subscribing @EventBusSubscriber class Lde/fnafhc/fnaf_collectibles/utils/PacketManager; to the mod event bus of mod fnaf_collectibles
[07Juli2026 17:56:40.814] [modloading-worker-0/DEBUG] [net.neoforged.fml.config.ConfigTracker/CONFIG]: Config file neoforge-client.toml for neoforge tracking
[07Juli2026 17:56:40.814] [modloading-worker-0/DEBUG] [net.neoforged.fml.config.ConfigTracker/CONFIG]: Config file neoforge-server.toml for neoforge tracking
[07Juli2026 17:56:40.815] [modloading-worker-0/DEBUG] [net.neoforged.fml.config.ConfigTracker/CONFIG]: Config file neoforge-common.toml for neoforge tracking
[07Juli2026 17:56:40.892] [modloading-worker-0/DEBUG] [net.neoforged.fml.javafmlmod.AutomaticEventSubscriber/LOADING]: Attempting to inject @EventBusSubscriber classes into the eventbus for neoforge
[07Juli2026 17:56:40.893] [modloading-worker-0/DEBUG] [net.neoforged.fml.javafmlmod.AutomaticEventSubscriber/LOADING]: Scanning class net.neoforged.neoforge.server.command.ConfigCommand for @SubscribeEvent-annotated methods
[07Juli2026 17:56:40.894] [modloading-worker-0/DEBUG] [net.neoforged.fml.javafmlmod.AutomaticEventSubscriber/]: Subscribing @EventBusSubscriber class Lnet/neoforged/neoforge/server/command/ConfigCommand; to the game event bus
[07Juli2026 17:56:40.895] [modloading-worker-0/DEBUG] [net.neoforged.fml.javafmlmod.AutomaticEventSubscriber/LOADING]: Scanning class net.neoforged.neoforge.network.filters.GenericPacketSplitter for @SubscribeEvent-annotated methods
[07Juli2026 17:56:40.929] [modloading-worker-0/DEBUG] [io.netty.buffer.AbstractByteBuf/]: -Dio.netty.buffer.checkAccessible: true
[07Juli2026 17:56:40.929] [modloading-worker-0/DEBUG] [io.netty.buffer.AbstractByteBuf/]: -Dio.netty.buffer.checkBounds: true
[07Juli2026 17:56:40.930] [modloading-worker-0/DEBUG] [io.netty.util.ResourceLeakDetectorFactory/]: Loaded default ResourceLeakDetector: io.netty.util.ResourceLeakDetector@1544ec48
[07Juli2026 17:56:40.940] [modloading-worker-0/DEBUG] [io.netty.util.internal.InternalThreadLocalMap/]: -Dio.netty.threadLocalMap.stringBuilder.initialSize: 1024
[07Juli2026 17:56:40.940] [modloading-worker-0/DEBUG] [io.netty.util.internal.InternalThreadLocalMap/]: -Dio.netty.threadLocalMap.stringBuilder.maxSize: 4096
[07Juli2026 17:56:40.945] [modloading-worker-0/DEBUG] [io.netty.buffer.PooledByteBufAllocator/]: -Dio.netty.allocator.numHeapArenas: 12
[07Juli2026 17:56:40.945] [modloading-worker-0/DEBUG] [io.netty.buffer.PooledByteBufAllocator/]: -Dio.netty.allocator.numDirectArenas: 12
[07Juli2026 17:56:40.945] [modloading-worker-0/DEBUG] [io.netty.buffer.PooledByteBufAllocator/]: -Dio.netty.allocator.pageSize: 8192
[07Juli2026 17:56:40.945] [modloading-worker-0/DEBUG] [io.netty.buffer.PooledByteBufAllocator/]: -Dio.netty.allocator.maxOrder: 9
[07Juli2026 17:56:40.945] [modloading-worker-0/DEBUG] [io.netty.buffer.PooledByteBufAllocator/]: -Dio.netty.allocator.chunkSize: 4194304
[07Juli2026 17:56:40.945] [modloading-worker-0/DEBUG] [io.netty.buffer.PooledByteBufAllocator/]: -Dio.netty.allocator.smallCacheSize: 256
[07Juli2026 17:56:40.945] [modloading-worker-0/DEBUG] [io.netty.buffer.PooledByteBufAllocator/]: -Dio.netty.allocator.normalCacheSize: 64
[07Juli2026 17:56:40.945] [modloading-worker-0/DEBUG] [io.netty.buffer.PooledByteBufAllocator/]: -Dio.netty.allocator.maxCachedBufferCapacity: 32768
[07Juli2026 17:56:40.945] [modloading-worker-0/DEBUG] [io.netty.buffer.PooledByteBufAllocator/]: -Dio.netty.allocator.cacheTrimInterval: 8192
[07Juli2026 17:56:40.945] [modloading-worker-0/DEBUG] [io.netty.buffer.PooledByteBufAllocator/]: -Dio.netty.allocator.cacheTrimIntervalMillis: 0
[07Juli2026 17:56:40.946] [modloading-worker-0/DEBUG] [io.netty.buffer.PooledByteBufAllocator/]: -Dio.netty.allocator.useCacheForAllThreads: false
[07Juli2026 17:56:40.946] [modloading-worker-0/DEBUG] [io.netty.buffer.PooledByteBufAllocator/]: -Dio.netty.allocator.maxCachedByteBuffersPerChunk: 1023
[07Juli2026 17:56:40.953] [modloading-worker-0/DEBUG] [io.netty.buffer.ByteBufUtil/]: -Dio.netty.allocator.type: pooled
[07Juli2026 17:56:40.953] [modloading-worker-0/DEBUG] [io.netty.buffer.ByteBufUtil/]: -Dio.netty.threadLocalDirectBufferSize: 0
[07Juli2026 17:56:40.953] [modloading-worker-0/DEBUG] [io.netty.buffer.ByteBufUtil/]: -Dio.netty.maxThreadLocalCharBufferSize: 16384
[07Juli2026 17:56:40.963] [modloading-worker-0/DEBUG] [net.neoforged.fml.javafmlmod.AutomaticEventSubscriber/]: Subscribing @EventBusSubscriber class Lnet/neoforged/neoforge/network/filters/GenericPacketSplitter; to the mod event bus of mod neoforge
[07Juli2026 17:56:40.965] [modloading-worker-0/DEBUG] [net.neoforged.fml.javafmlmod.AutomaticEventSubscriber/LOADING]: Scanning class net.neoforged.neoforge.network.NetworkInitialization for @SubscribeEvent-annotated methods
[07Juli2026 17:56:40.966] [modloading-worker-0/DEBUG] [net.neoforged.fml.javafmlmod.AutomaticEventSubscriber/]: Subscribing @EventBusSubscriber class Lnet/neoforged/neoforge/network/NetworkInitialization; to the mod event bus of mod neoforge
[07Juli2026 17:56:40.967] [modloading-worker-0/DEBUG] [net.neoforged.fml.javafmlmod.AutomaticEventSubscriber/LOADING]: Scanning class net.neoforged.neoforge.network.ConfigurationInitialization for @SubscribeEvent-annotated methods
[07Juli2026 17:56:40.971] [modloading-worker-0/DEBUG] [net.neoforged.fml.javafmlmod.AutomaticEventSubscriber/]: Subscribing @EventBusSubscriber class Lnet/neoforged/neoforge/network/ConfigurationInitialization; to the mod event bus of mod neoforge
[07Juli2026 17:56:40.971] [modloading-worker-0/DEBUG] [net.neoforged.fml.javafmlmod.AutomaticEventSubscriber/LOADING]: Scanning class net.neoforged.neoforge.common.MonsterRoomHooks for @SubscribeEvent-annotated methods
[07Juli2026 17:56:40.973] [modloading-worker-0/DEBUG] [net.neoforged.fml.javafmlmod.AutomaticEventSubscriber/]: Subscribing @EventBusSubscriber class Lnet/neoforged/neoforge/common/MonsterRoomHooks; to the game event bus
[07Juli2026 17:56:40.974] [modloading-worker-0/DEBUG] [net.neoforged.fml.javafmlmod.AutomaticEventSubscriber/LOADING]: Scanning class net.neoforged.neoforge.common.DeferredSpawnEggItem$CommonHandler for @SubscribeEvent-annotated methods
[07Juli2026 17:56:40.975] [modloading-worker-0/DEBUG] [net.neoforged.fml.javafmlmod.AutomaticEventSubscriber/]: Subscribing @EventBusSubscriber class Lnet/neoforged/neoforge/common/DeferredSpawnEggItem$CommonHandler; to the mod event bus of mod neoforge
[07Juli2026 17:56:40.976] [modloading-worker-0/DEBUG] [net.neoforged.fml.javafmlmod.AutomaticEventSubscriber/LOADING]: Scanning class net.neoforged.neoforge.common.DeferredSpawnEggItem$ColorRegisterHandler for @SubscribeEvent-annotated methods
[07Juli2026 17:56:40.979] [modloading-worker-0/DEBUG] [net.neoforged.fml.javafmlmod.AutomaticEventSubscriber/]: Subscribing @EventBusSubscriber class Lnet/neoforged/neoforge/common/DeferredSpawnEggItem$ColorRegisterHandler; to the mod event bus of mod neoforge
[07Juli2026 17:56:40.980] [modloading-worker-0/DEBUG] [net.neoforged.fml.javafmlmod.AutomaticEventSubscriber/LOADING]: Scanning class net.neoforged.neoforge.client.model.data.ModelDataManager for @SubscribeEvent-annotated methods
[07Juli2026 17:56:40.982] [modloading-worker-0/DEBUG] [net.neoforged.fml.javafmlmod.AutomaticEventSubscriber/]: Subscribing @EventBusSubscriber class Lnet/neoforged/neoforge/client/model/data/ModelDataManager; to the game event bus
[07Juli2026 17:56:40.983] [modloading-worker-0/DEBUG] [net.neoforged.fml.javafmlmod.AutomaticEventSubscriber/LOADING]: Scanning class net.neoforged.neoforge.client.ParticleBoundsDebugRenderer for @SubscribeEvent-annotated methods
[07Juli2026 17:56:40.985] [modloading-worker-0/DEBUG] [net.neoforged.fml.javafmlmod.AutomaticEventSubscriber/]: Subscribing @EventBusSubscriber class Lnet/neoforged/neoforge/client/ParticleBoundsDebugRenderer; to the game event bus
[07Juli2026 17:56:40.986] [modloading-worker-0/DEBUG] [net.neoforged.fml.javafmlmod.AutomaticEventSubscriber/LOADING]: Scanning class net.neoforged.neoforge.client.ClientHooks$ClientEvents for @SubscribeEvent-annotated methods
[07Juli2026 17:56:40.989] [modloading-worker-0/DEBUG] [net.neoforged.fml.javafmlmod.AutomaticEventSubscriber/]: Subscribing @EventBusSubscriber class Lnet/neoforged/neoforge/client/ClientHooks$ClientEvents; to the mod event bus of mod neoforge
[07Juli2026 17:56:40.990] [modloading-worker-0/DEBUG] [net.neoforged.fml.javafmlmod.AutomaticEventSubscriber/LOADING]: Scanning class net.neoforged.neoforge.client.BlockEntityRenderBoundsDebugRenderer for @SubscribeEvent-annotated methods
[07Juli2026 17:56:40.992] [modloading-worker-0/DEBUG] [net.neoforged.fml.javafmlmod.AutomaticEventSubscriber/]: Subscribing @EventBusSubscriber class Lnet/neoforged/neoforge/client/BlockEntityRenderBoundsDebugRenderer; to the game event bus
[07Juli2026 17:56:40.993] [modloading-worker-0/DEBUG] [net.neoforged.fml.javafmlmod.AutomaticEventSubscriber/LOADING]: Scanning class net.neoforged.neoforge.attachment.AttachmentSync for @SubscribeEvent-annotated methods
[07Juli2026 17:56:40.997] [modloading-worker-0/DEBUG] [net.neoforged.fml.javafmlmod.AutomaticEventSubscriber/]: Subscribing @EventBusSubscriber class Lnet/neoforged/neoforge/attachment/AttachmentSync; to the game event bus
[07Juli2026 17:56:40.998] [modloading-worker-0/DEBUG] [net.neoforged.fml.javafmlmod.AutomaticEventSubscriber/LOADING]: Scanning class net.neoforged.neoforge.attachment.AttachmentInternals for @SubscribeEvent-annotated methods
[07Juli2026 17:56:40.999] [modloading-worker-0/DEBUG] [net.neoforged.fml.javafmlmod.AutomaticEventSubscriber/]: Subscribing @EventBusSubscriber class Lnet/neoforged/neoforge/attachment/AttachmentInternals; to the game event bus
[07Juli2026 17:56:41.165] [modloading-sync-worker/DEBUG] [net.neoforged.fml.config.ConfigTracker/CONFIG]: Loading configs type CLIENT
[07Juli2026 17:56:41.193] [modloading-sync-worker/DEBUG] [net.neoforged.neoforge.common.NeoForgeConfig/FORGEMOD]: Loaded NeoForge config file neoforge-client.toml
[07Juli2026 17:56:41.193] [modloading-sync-worker/DEBUG] [net.neoforged.fml.config.ConfigTracker/CONFIG]: Loaded TOML config file D:\GitHub\FNaFCollectibleCards\Fnaf Collectibles1.21.1\run\config\neoforge-client.toml
[07Juli2026 17:56:41.202] [modloading-sync-worker/DEBUG] [net.neoforged.fml.config.ConfigTracker/CONFIG]: Watching TOML config file D:\GitHub\FNaFCollectibleCards\Fnaf Collectibles1.21.1\run\config\neoforge-client.toml for changes
[07Juli2026 17:56:41.202] [modloading-sync-worker/DEBUG] [net.neoforged.fml.config.ConfigTracker/CONFIG]: Loading configs type COMMON
[07Juli2026 17:56:41.214] [modloading-sync-worker/DEBUG] [net.neoforged.neoforge.common.NeoForgeConfig/FORGEMOD]: Loaded NeoForge config file neoforge-common.toml
[07Juli2026 17:56:41.214] [modloading-sync-worker/DEBUG] [net.neoforged.fml.config.ConfigTracker/CONFIG]: Loaded TOML config file D:\GitHub\FNaFCollectibleCards\Fnaf Collectibles1.21.1\run\config\neoforge-common.toml
[07Juli2026 17:56:41.215] [modloading-sync-worker/DEBUG] [net.neoforged.fml.config.ConfigTracker/CONFIG]: Watching TOML config file D:\GitHub\FNaFCollectibleCards\Fnaf Collectibles1.21.1\run\config\neoforge-common.toml for changes
[07Juli2026 17:56:42.021] [Render thread/INFO] [net.neoforged.neoforge.gametest.GameTestHooks/]: Enabled Gametest Namespaces: [fnaf_collectibles]
[07Juli2026 17:56:42.454] [Render thread/INFO] [net.minecraft.server.packs.resources.ReloadableResourceManager/]: Reloading ResourceManager: vanilla, mod_resources, mod/fnaf_collectibles, mod/neoforge
[07Juli2026 17:56:42.570] [Render thread/DEBUG] [net.neoforged.fml.DeferredWorkQueue/LOADING]: Dispatching synchronous work for work queue Common setup: 1 jobs
[07Juli2026 17:56:42.572] [Render thread/DEBUG] [net.neoforged.fml.DeferredWorkQueue/LOADING]: Synchronous work queue completed in 815.3 μs
[07Juli2026 17:56:42.796] [Worker-Main-2/INFO] [net.minecraft.client.gui.font.providers.UnihexProvider/]: Found unifont_all_no_pua-15.1.05.hex, loading
[07Juli2026 17:56:43.388] [Worker-Main-3/INFO] [net.minecraft.client.gui.font.providers.UnihexProvider/]: Found unifont_jp_patch-15.1.05.hex, loading
[07Juli2026 17:56:44.062] [Worker-Main-4/WARN] [net.minecraft.client.resources.model.ModelBakery/]: Unable to load model: 'fnaf_collectibles:item/common_toybonnie_card' referenced from: fnaf_collectibles:item/common_toybonnie_card: java.io.FileNotFoundException: fnaf_collectibles:models/item/common_toybonnie_card.json
[07Juli2026 17:56:44.063] [Worker-Main-4/WARN] [net.minecraft.client.resources.model.ModelBakery/]: Unable to load model: 'fnaf_collectibles:item/epic_funtimefreddy_card' referenced from: fnaf_collectibles:item/epic_funtimefreddy_card: java.io.FileNotFoundException: fnaf_collectibles:models/item/epic_funtimefreddy_card.json
[07Juli2026 17:56:44.063] [Worker-Main-4/WARN] [net.minecraft.client.resources.model.ModelBakery/]: Unable to load model: 'fnaf_collectibles:item/rare_jackochica_card' referenced from: fnaf_collectibles:item/rare_jackochica_card: java.io.FileNotFoundException: fnaf_collectibles:models/item/rare_jackochica_card.json
[07Juli2026 17:56:44.063] [Worker-Main-4/WARN] [net.minecraft.client.resources.model.ModelBakery/]: Unable to load model: 'fnaf_collectibles:item/common_yenndo_card' referenced from: fnaf_collectibles:item/common_yenndo_card: java.io.FileNotFoundException: fnaf_collectibles:models/item/common_yenndo_card.json
[07Juli2026 17:56:44.064] [Worker-Main-4/WARN] [net.minecraft.client.resources.model.ModelBakery/]: Unable to load model: 'fnaf_collectibles:item/common_nightmarechica_card' referenced from: fnaf_collectibles:item/common_nightmarechica_card: java.io.FileNotFoundException: fnaf_collectibles:models/item/common_nightmarechica_card.json
[07Juli2026 17:56:44.064] [Worker-Main-4/WARN] [net.minecraft.client.resources.model.ModelBakery/]: Unable to load model: 'fnaf_collectibles:item/uncommon_freddy_card' referenced from: fnaf_collectibles:item/uncommon_freddy_card: java.io.FileNotFoundException: fnaf_collectibles:models/item/uncommon_freddy_card.json
[07Juli2026 17:56:44.064] [Worker-Main-4/WARN] [net.minecraft.client.resources.model.ModelBakery/]: Unable to load model: 'fnaf_collectibles:item/common_foxy_card' referenced from: fnaf_collectibles:item/common_foxy_card: java.io.FileNotFoundException: fnaf_collectibles:models/item/common_foxy_card.json
[07Juli2026 17:56:44.064] [Worker-Main-4/WARN] [net.minecraft.client.resources.model.ModelBakery/]: Unable to load model: 'fnaf_collectibles:item/uncommon_nightmarechica_card' referenced from: fnaf_collectibles:item/uncommon_nightmarechica_card: java.io.FileNotFoundException: fnaf_collectibles:models/item/uncommon_nightmarechica_card.json
[07Juli2026 17:56:44.065] [Worker-Main-4/WARN] [net.minecraft.client.resources.model.ModelBakery/]: Unable to load model: 'fnaf_collectibles:item/uncommon_witheredbonnie_card' referenced from: fnaf_collectibles:item/uncommon_witheredbonnie_card: java.io.FileNotFoundException: fnaf_collectibles:models/item/uncommon_witheredbonnie_card.json
[07Juli2026 17:56:44.065] [Worker-Main-4/WARN] [net.minecraft.client.resources.model.ModelBakery/]: Unable to load model: 'fnaf_collectibles:item/epic_witheredfoxy_card' referenced from: fnaf_collectibles:item/epic_witheredfoxy_card: java.io.FileNotFoundException: fnaf_collectibles:models/item/epic_witheredfoxy_card.json
[07Juli2026 17:56:44.065] [Worker-Main-4/WARN] [net.minecraft.client.resources.model.ModelBakery/]: Unable to load model: 'fnaf_collectibles:item/common_witheredfoxy_card' referenced from: fnaf_collectibles:item/common_witheredfoxy_card: java.io.FileNotFoundException: fnaf_collectibles:models/item/common_witheredfoxy_card.json
[07Juli2026 17:56:44.065] [Worker-Main-4/WARN] [net.minecraft.client.resources.model.ModelBakery/]: Unable to load model: 'fnaf_collectibles:item/epic_nightmarefoxy_card' referenced from: fnaf_collectibles:item/epic_nightmarefoxy_card: java.io.FileNotFoundException: fnaf_collectibles:models/item/epic_nightmarefoxy_card.json
[07Juli2026 17:56:44.065] [Worker-Main-4/WARN] [net.minecraft.client.resources.model.ModelBakery/]: Unable to load model: 'fnaf_collectibles:item/epic_nightmarebonnie_card' referenced from: fnaf_collectibles:item/epic_nightmarebonnie_card: java.io.FileNotFoundException: fnaf_collectibles:models/item/epic_nightmarebonnie_card.json
[07Juli2026 17:56:44.065] [Worker-Main-4/WARN] [net.minecraft.client.resources.model.ModelBakery/]: Unable to load model: 'fnaf_collectibles:item/uncommon_nightmarebonnie_card' referenced from: fnaf_collectibles:item/uncommon_nightmarebonnie_card: java.io.FileNotFoundException: fnaf_collectibles:models/item/uncommon_nightmarebonnie_card.json
[07Juli2026 17:56:44.065] [Worker-Main-4/WARN] [net.minecraft.client.resources.model.ModelBakery/]: Unable to load model: 'fnaf_collectibles:item/epic_lolbit_card' referenced from: fnaf_collectibles:item/epic_lolbit_card: java.io.FileNotFoundException: fnaf_collectibles:models/item/epic_lolbit_card.json
[07Juli2026 17:56:44.066] [Worker-Main-4/WARN] [net.minecraft.client.resources.model.ModelBakery/]: Unable to load model: 'fnaf_collectibles:item/uncommon_nightmare_card' referenced from: fnaf_collectibles:item/uncommon_nightmare_card: java.io.FileNotFoundException: fnaf_collectibles:models/item/uncommon_nightmare_card.json
[07Juli2026 17:56:44.066] [Worker-Main-4/WARN] [net.minecraft.client.resources.model.ModelBakery/]: Unable to load model: 'fnaf_collectibles:item/epic_nightmareballoonboy_card' referenced from: fnaf_collectibles:item/epic_nightmareballoonboy_card: java.io.FileNotFoundException: fnaf_collectibles:models/item/epic_nightmareballoonboy_card.json
[07Juli2026 17:56:44.066] [Worker-Main-4/WARN] [net.minecraft.client.resources.model.ModelBakery/]: Unable to load model: 'fnaf_collectibles:item/legendary_yenndo_card' referenced from: fnaf_collectibles:item/legendary_yenndo_card: java.io.FileNotFoundException: fnaf_collectibles:models/item/legendary_yenndo_card.json
[07Juli2026 17:56:44.066] [Worker-Main-4/WARN] [net.minecraft.client.resources.model.ModelBakery/]: Unable to load model: 'fnaf_collectibles:item/epic_toyfreddy_card' referenced from: fnaf_collectibles:item/epic_toyfreddy_card: java.io.FileNotFoundException: fnaf_collectibles:models/item/epic_toyfreddy_card.json
[07Juli2026 17:56:44.067] [Worker-Main-4/WARN] [net.minecraft.client.resources.model.ModelBakery/]: Unable to load model: 'fnaf_collectibles:item/uncommon_chica_card' referenced from: fnaf_collectibles:item/uncommon_chica_card: java.io.FileNotFoundException: fnaf_collectibles:models/item/uncommon_chica_card.json
[07Juli2026 17:56:44.067] [Worker-Main-4/WARN] [net.minecraft.client.resources.model.ModelBakery/]: Unable to load model: 'fnaf_collectibles:item/epic_jj_card' referenced from: fnaf_collectibles:item/epic_jj_card: java.io.FileNotFoundException: fnaf_collectibles:models/item/epic_jj_card.json
[07Juli2026 17:56:44.067] [Worker-Main-4/WARN] [net.minecraft.client.resources.model.ModelBakery/]: Unable to load model: 'fnaf_collectibles:item/uncommon_bidybab_card' referenced from: fnaf_collectibles:item/uncommon_bidybab_card: java.io.FileNotFoundException: fnaf_collectibles:models/item/uncommon_bidybab_card.json
[07Juli2026 17:56:44.067] [Worker-Main-4/WARN] [net.minecraft.client.resources.model.ModelBakery/]: Unable to load model: 'fnaf_collectibles:item/uncommon_mangle_card' referenced from: fnaf_collectibles:item/uncommon_mangle_card: java.io.FileNotFoundException: fnaf_collectibles:models/item/uncommon_mangle_card.json
[07Juli2026 17:56:44.068] [Worker-Main-4/WARN] [net.minecraft.client.resources.model.ModelBakery/]: Unable to load model: 'fnaf_collectibles:item/common_witheredchica_card' referenced from: fnaf_collectibles:item/common_witheredchica_card: java.io.FileNotFoundException: fnaf_collectibles:models/item/common_witheredchica_card.json
[07Juli2026 17:56:44.068] [Worker-Main-4/WARN] [net.minecraft.client.resources.model.ModelBakery/]: Unable to load model: 'fnaf_collectibles:item/legendary_funtimefoxy_card' referenced from: fnaf_collectibles:item/legendary_funtimefoxy_card: java.io.FileNotFoundException: fnaf_collectibles:models/item/legendary_funtimefoxy_card.json
[07Juli2026 17:56:44.068] [Worker-Main-4/WARN] [net.minecraft.client.resources.model.ModelBakery/]: Unable to load model: 'fnaf_collectibles:item/uncommon_endo1_card' referenced from: fnaf_collectibles:item/uncommon_endo1_card: java.io.FileNotFoundException: fnaf_collectibles:models/item/uncommon_endo1_card.json
[07Juli2026 17:56:44.068] [Worker-Main-4/WARN] [net.minecraft.client.resources.model.ModelBakery/]: Unable to load model: 'fnaf_collectibles:item/rare_funtimefoxy_card' referenced from: fnaf_collectibles:item/rare_funtimefoxy_card: java.io.FileNotFoundException: fnaf_collectibles:models/item/rare_funtimefoxy_card.json
[07Juli2026 17:56:44.068] [Worker-Main-4/WARN] [net.minecraft.client.resources.model.ModelBakery/]: Unable to load model: 'fnaf_collectibles:item/uncommon_nightmareballoonboy_card' referenced from: fnaf_collectibles:item/uncommon_nightmareballoonboy_card: java.io.FileNotFoundException: fnaf_collectibles:models/item/uncommon_nightmareballoonboy_card.json
[07Juli2026 17:56:44.069] [Worker-Main-4/WARN] [net.minecraft.client.resources.model.ModelBakery/]: Unable to load model: 'fnaf_collectibles:item/common_endo1_card' referenced from: fnaf_collectibles:item/common_endo1_card: java.io.FileNotFoundException: fnaf_collectibles:models/item/common_endo1_card.json
[07Juli2026 17:56:44.069] [Worker-Main-4/WARN] [net.minecraft.client.resources.model.ModelBakery/]: Unable to load model: 'fnaf_collectibles:item/legendary_witheredfoxy_card' referenced from: fnaf_collectibles:item/legendary_witheredfoxy_card: java.io.FileNotFoundException: fnaf_collectibles:models/item/legendary_witheredfoxy_card.json
[07Juli2026 17:56:44.069] [Worker-Main-4/WARN] [net.minecraft.client.resources.model.ModelBakery/]: Unable to load model: 'fnaf_collectibles:item/rare_witheredgoldenfreddy_card' referenced from: fnaf_collectibles:item/rare_witheredgoldenfreddy_card: java.io.FileNotFoundException: fnaf_collectibles:models/item/rare_witheredgoldenfreddy_card.json
[07Juli2026 17:56:44.069] [Worker-Main-4/WARN] [net.minecraft.client.resources.model.ModelBakery/]: Unable to load model: 'fnaf_collectibles:item/uncommon_funtimefoxy_card' referenced from: fnaf_collectibles:item/uncommon_funtimefoxy_card: java.io.FileNotFoundException: fnaf_collectibles:models/item/uncommon_funtimefoxy_card.json
[07Juli2026 17:56:44.070] [Worker-Main-4/WARN] [net.minecraft.client.resources.model.ModelBakery/]: Unable to load model: 'fnaf_collectibles:item/epic_bonnie_card' referenced from: fnaf_collectibles:item/epic_bonnie_card: java.io.FileNotFoundException: fnaf_collectibles:models/item/epic_bonnie_card.json
[07Juli2026 17:56:44.070] [Worker-Main-4/WARN] [net.minecraft.client.resources.model.ModelBakery/]: Unable to load model: 'fnaf_collectibles:item/legendary_jackobonnie_card' referenced from: fnaf_collectibles:item/legendary_jackobonnie_card: java.io.FileNotFoundException: fnaf_collectibles:models/item/legendary_jackobonnie_card.json
[07Juli2026 17:56:44.070] [Worker-Main-4/WARN] [net.minecraft.client.resources.model.ModelBakery/]: Unable to load model: 'fnaf_collectibles:item/uncommon_witheredfoxy_card' referenced from: fnaf_collectibles:item/uncommon_witheredfoxy_card: java.io.FileNotFoundException: fnaf_collectibles:models/item/uncommon_witheredfoxy_card.json
[07Juli2026 17:56:44.071] [Worker-Main-4/WARN] [net.minecraft.client.resources.model.ModelBakery/]: Unable to load model: 'fnaf_collectibles:item/common_chica_card' referenced from: fnaf_collectibles:item/common_chica_card: java.io.FileNotFoundException: fnaf_collectibles:models/item/common_chica_card.json
[07Juli2026 17:56:44.071] [Worker-Main-4/WARN] [net.minecraft.client.resources.model.ModelBakery/]: Unable to load model: 'fnaf_collectibles:item/common_jj_card' referenced from: fnaf_collectibles:item/common_jj_card: java.io.FileNotFoundException: fnaf_collectibles:models/item/common_jj_card.json
[07Juli2026 17:56:44.071] [Worker-Main-4/WARN] [net.minecraft.client.resources.model.ModelBakery/]: Unable to load model: 'fnaf_collectibles:item/uncommon_witheredchica_card' referenced from: fnaf_collectibles:item/uncommon_witheredchica_card: java.io.FileNotFoundException: fnaf_collectibles:models/item/uncommon_witheredchica_card.json
[07Juli2026 17:56:44.072] [Worker-Main-4/WARN] [net.minecraft.client.resources.model.ModelBakery/]: Unable to load model: 'fnaf_collectibles:item/common_minireena_card' referenced from: fnaf_collectibles:item/common_minireena_card: java.io.FileNotFoundException: fnaf_collectibles:models/item/common_minireena_card.json
[07Juli2026 17:56:44.072] [Worker-Main-4/WARN] [net.minecraft.client.resources.model.ModelBakery/]: Unable to load model: 'fnaf_collectibles:item/epic_shadowfreddy_card' referenced from: fnaf_collectibles:item/epic_shadowfreddy_card: java.io.FileNotFoundException: fnaf_collectibles:models/item/epic_shadowfreddy_card.json
[07Juli2026 17:56:44.072] [Worker-Main-4/WARN] [net.minecraft.client.resources.model.ModelBakery/]: Unable to load model: 'fnaf_collectibles:item/epic_phantompuppet_card' referenced from: fnaf_collectibles:item/epic_phantompuppet_card: java.io.FileNotFoundException: fnaf_collectibles:models/item/epic_phantompuppet_card.json
[07Juli2026 17:56:44.072] [Worker-Main-4/WARN] [net.minecraft.client.resources.model.ModelBakery/]: Unable to load model: 'fnaf_collectibles:item/epic_yenndo_card' referenced from: fnaf_collectibles:item/epic_yenndo_card: java.io.FileNotFoundException: fnaf_collectibles:models/item/epic_yenndo_card.json
[07Juli2026 17:56:44.072] [Worker-Main-4/WARN] [net.minecraft.client.resources.model.ModelBakery/]: Unable to load model: 'fnaf_collectibles:item/epic_chica_card' referenced from: fnaf_collectibles:item/epic_chica_card: java.io.FileNotFoundException: fnaf_collectibles:models/item/epic_chica_card.json
[07Juli2026 17:56:44.072] [Worker-Main-4/WARN] [net.minecraft.client.resources.model.ModelBakery/]: Unable to load model: 'fnaf_collectibles:item/rare_nightmare_card' referenced from: fnaf_collectibles:item/rare_nightmare_card: java.io.FileNotFoundException: fnaf_collectibles:models/item/rare_nightmare_card.json
[07Juli2026 17:56:44.073] [Worker-Main-4/WARN] [net.minecraft.client.resources.model.ModelBakery/]: Unable to load model: 'fnaf_collectibles:item/rare_endo1_card' referenced from: fnaf_collectibles:item/rare_endo1_card: java.io.FileNotFoundException: fnaf_collectibles:models/item/rare_endo1_card.json
[07Juli2026 17:56:44.073] [Worker-Main-4/WARN] [net.minecraft.client.resources.model.ModelBakery/]: Unable to load model: 'fnaf_collectibles:item/epic_phantomfoxy_card' referenced from: fnaf_collectibles:item/epic_phantomfoxy_card: java.io.FileNotFoundException: fnaf_collectibles:models/item/epic_phantomfoxy_card.json
[07Juli2026 17:56:44.073] [Worker-Main-4/WARN] [net.minecraft.client.resources.model.ModelBakery/]: Unable to load model: 'fnaf_collectibles:item/uncommon_ballora_card' referenced from: fnaf_collectibles:item/uncommon_ballora_card: java.io.FileNotFoundException: fnaf_collectibles:models/item/uncommon_ballora_card.json
[07Juli2026 17:56:44.073] [Worker-Main-4/WARN] [net.minecraft.client.resources.model.ModelBakery/]: Unable to load model: 'fnaf_collectibles:item/uncommon_nightmarefoxy_card' referenced from: fnaf_collectibles:item/uncommon_nightmarefoxy_card: java.io.FileNotFoundException: fnaf_collectibles:models/item/uncommon_nightmarefoxy_card.json
[07Juli2026 17:56:44.073] [Worker-Main-4/WARN] [net.minecraft.client.resources.model.ModelBakery/]: Unable to load model: 'fnaf_collectibles:item/common_nightmarepuppet_card' referenced from: fnaf_collectibles:item/common_nightmarepuppet_card: java.io.FileNotFoundException: fnaf_collectibles:models/item/common_nightmarepuppet_card.json
[07Juli2026 17:56:44.073] [Worker-Main-4/WARN] [net.minecraft.client.resources.model.ModelBakery/]: Unable to load model: 'fnaf_collectibles:item/legendary_nightmarepuppet_card' referenced from: fnaf_collectibles:item/legendary_nightmarepuppet_card: java.io.FileNotFoundException: fnaf_collectibles:models/item/legendary_nightmarepuppet_card.json
[07Juli2026 17:56:44.074] [Worker-Main-4/WARN] [net.minecraft.client.resources.model.ModelBakery/]: Unable to load model: 'fnaf_collectibles:item/rare_witheredfoxy_card' referenced from: fnaf_collectibles:item/rare_witheredfoxy_card: java.io.FileNotFoundException: fnaf_collectibles:models/item/rare_witheredfoxy_card.json
[07Juli2026 17:56:44.074] [Worker-Main-4/WARN] [net.minecraft.client.resources.model.ModelBakery/]: Unable to load model: 'fnaf_collectibles:item/rare_toychica_card' referenced from: fnaf_collectibles:item/rare_toychica_card: java.io.FileNotFoundException: fnaf_collectibles:models/item/rare_toychica_card.json
[07Juli2026 17:56:44.074] [Worker-Main-4/WARN] [net.minecraft.client.resources.model.ModelBakery/]: Unable to load model: 'fnaf_collectibles:item/epic_witheredgoldenfreddy_card' referenced from: fnaf_collectibles:item/epic_witheredgoldenfreddy_card: java.io.FileNotFoundException: fnaf_collectibles:models/item/epic_witheredgoldenfreddy_card.json
[07Juli2026 17:56:44.074] [Worker-Main-4/WARN] [net.minecraft.client.resources.model.ModelBakery/]: Unable to load model: 'fnaf_collectibles:item/rare_nightmarefreddy_card' referenced from: fnaf_collectibles:item/rare_nightmarefreddy_card: java.io.FileNotFoundException: fnaf_collectibles:models/item/rare_nightmarefreddy_card.json
[07Juli2026 17:56:44.074] [Worker-Main-4/WARN] [net.minecraft.client.resources.model.ModelBakery/]: Unable to load model: 'fnaf_collectibles:item/uncommon_jackochica_card' referenced from: fnaf_collectibles:item/uncommon_jackochica_card: java.io.FileNotFoundException: fnaf_collectibles:models/item/uncommon_jackochica_card.json
[07Juli2026 17:56:44.074] [Worker-Main-4/WARN] [net.minecraft.client.resources.model.ModelBakery/]: Unable to load model: 'fnaf_collectibles:item/epic_nightmarefredbear_card' referenced from: fnaf_collectibles:item/epic_nightmarefredbear_card: java.io.FileNotFoundException: fnaf_collectibles:models/item/epic_nightmarefredbear_card.json
[07Juli2026 17:56:44.074] [Worker-Main-4/WARN] [net.minecraft.client.resources.model.ModelBakery/]: Unable to load model: 'fnaf_collectibles:item/common_toychica_card' referenced from: fnaf_collectibles:item/common_toychica_card: java.io.FileNotFoundException: fnaf_collectibles:models/item/common_toychica_card.json
[07Juli2026 17:56:44.075] [Worker-Main-4/WARN] [net.minecraft.client.resources.model.ModelBakery/]: Unable to load model: 'fnaf_collectibles:item/rare_chica_card' referenced from: fnaf_collectibles:item/rare_chica_card: java.io.FileNotFoundException: fnaf_collectibles:models/item/rare_chica_card.json
[07Juli2026 17:56:44.075] [Worker-Main-4/WARN] [net.minecraft.client.resources.model.ModelBakery/]: Unable to load model: 'fnaf_collectibles:item/uncommon_bonbon_card' referenced from: fnaf_collectibles:item/uncommon_bonbon_card: java.io.FileNotFoundException: fnaf_collectibles:models/item/uncommon_bonbon_card.json
[07Juli2026 17:56:44.075] [Worker-Main-4/WARN] [net.minecraft.client.resources.model.ModelBakery/]: Unable to load model: 'fnaf_collectibles:item/epic_witheredfreddy_card' referenced from: fnaf_collectibles:item/epic_witheredfreddy_card: java.io.FileNotFoundException: fnaf_collectibles:models/item/epic_witheredfreddy_card.json
[07Juli2026 17:56:44.075] [Worker-Main-4/WARN] [net.minecraft.client.resources.model.ModelBakery/]: Unable to load model: 'fnaf_collectibles:item/epic_endo1_card' referenced from: fnaf_collectibles:item/epic_endo1_card: java.io.FileNotFoundException: fnaf_collectibles:models/item/epic_endo1_card.json
[07Juli2026 17:56:44.076] [Worker-Main-4/WARN] [net.minecraft.client.resources.model.ModelBakery/]: Unable to load model: 'fnaf_collectibles:item/legendary_balloonboy_card' referenced from: fnaf_collectibles:item/legendary_balloonboy_card: java.io.FileNotFoundException: fnaf_collectibles:models/item/legendary_balloonboy_card.json
[07Juli2026 17:56:44.076] [Worker-Main-4/WARN] [net.minecraft.client.resources.model.ModelBakery/]: Unable to load model: 'fnaf_collectibles:item/uncommon_phantompuppet_card' referenced from: fnaf_collectibles:item/uncommon_phantompuppet_card: java.io.FileNotFoundException: fnaf_collectibles:models/item/uncommon_phantompuppet_card.json
[07Juli2026 17:56:44.076] [Worker-Main-4/WARN] [net.minecraft.client.resources.model.ModelBakery/]: Unable to load model: 'fnaf_collectibles:item/rare_witheredbonnie_card' referenced from: fnaf_collectibles:item/rare_witheredbonnie_card: java.io.FileNotFoundException: fnaf_collectibles:models/item/rare_witheredbonnie_card.json
[07Juli2026 17:56:44.076] [Worker-Main-4/WARN] [net.minecraft.client.resources.model.ModelBakery/]: Unable to load model: 'fnaf_collectibles:item/index' referenced from: fnaf_collectibles:item/index: java.io.FileNotFoundException: fnaf_collectibles:models/item/index.json
[07Juli2026 17:56:44.076] [Worker-Main-4/WARN] [net.minecraft.client.resources.model.ModelBakery/]: Unable to load model: 'fnaf_collectibles:item/rare_balloonboy_card' referenced from: fnaf_collectibles:item/rare_balloonboy_card: java.io.FileNotFoundException: fnaf_collectibles:models/item/rare_balloonboy_card.json
[07Juli2026 17:56:44.077] [Worker-Main-4/WARN] [net.minecraft.client.resources.model.ModelBakery/]: Unable to load model: 'fnaf_collectibles:item/epic_minireena_card' referenced from: fnaf_collectibles:item/epic_minireena_card: java.io.FileNotFoundException: fnaf_collectibles:models/item/epic_minireena_card.json
[07Juli2026 17:56:44.077] [Worker-Main-4/WARN] [net.minecraft.client.resources.model.ModelBakery/]: Unable to load model: 'fnaf_collectibles:item/rare_nightmarefoxy_card' referenced from: fnaf_collectibles:item/rare_nightmarefoxy_card: java.io.FileNotFoundException: fnaf_collectibles:models/item/rare_nightmarefoxy_card.json
[07Juli2026 17:56:44.077] [Worker-Main-4/WARN] [net.minecraft.client.resources.model.ModelBakery/]: Unable to load model: 'fnaf_collectibles:item/rare_nightmarefredbear_card' referenced from: fnaf_collectibles:item/rare_nightmarefredbear_card: java.io.FileNotFoundException: fnaf_collectibles:models/item/rare_nightmarefredbear_card.json
[07Juli2026 17:56:44.077] [Worker-Main-4/WARN] [net.minecraft.client.resources.model.ModelBakery/]: Unable to load model: 'fnaf_collectibles:item/legendary_nightmarebonnie_card' referenced from: fnaf_collectibles:item/legendary_nightmarebonnie_card: java.io.FileNotFoundException: fnaf_collectibles:models/item/legendary_nightmarebonnie_card.json
[07Juli2026 17:56:44.078] [Worker-Main-4/WARN] [net.minecraft.client.resources.model.ModelBakery/]: Unable to load model: 'fnaf_collectibles:item/common_nightmare_card' referenced from: fnaf_collectibles:item/common_nightmare_card: java.io.FileNotFoundException: fnaf_collectibles:models/item/common_nightmare_card.json
[07Juli2026 17:56:44.078] [Worker-Main-4/WARN] [net.minecraft.client.resources.model.ModelBakery/]: Unable to load model: 'fnaf_collectibles:item/common_bonbon_card' referenced from: fnaf_collectibles:item/common_bonbon_card: java.io.FileNotFoundException: fnaf_collectibles:models/item/common_bonbon_card.json
[07Juli2026 17:56:44.078] [Worker-Main-4/WARN] [net.minecraft.client.resources.model.ModelBakery/]: Unable to load model: 'fnaf_collectibles:item/rare_nightmarepuppet_card' referenced from: fnaf_collectibles:item/rare_nightmarepuppet_card: java.io.FileNotFoundException: fnaf_collectibles:models/item/rare_nightmarepuppet_card.json
[07Juli2026 17:56:44.079] [Worker-Main-4/WARN] [net.minecraft.client.resources.model.ModelBakery/]: Unable to load model: 'fnaf_collectibles:item/common_witheredfreddy_card' referenced from: fnaf_collectibles:item/common_witheredfreddy_card: java.io.FileNotFoundException: fnaf_collectibles:models/item/common_witheredfreddy_card.json
[07Juli2026 17:56:44.079] [Worker-Main-4/WARN] [net.minecraft.client.resources.model.ModelBakery/]: Unable to load model: 'fnaf_collectibles:item/common_shadowfreddy_card' referenced from: fnaf_collectibles:item/common_shadowfreddy_card: java.io.FileNotFoundException: fnaf_collectibles:models/item/common_shadowfreddy_card.json
[07Juli2026 17:56:44.079] [Worker-Main-4/WARN] [net.minecraft.client.resources.model.ModelBakery/]: Unable to load model: 'fnaf_collectibles:item/epic_plushtrap_card' referenced from: fnaf_collectibles:item/epic_plushtrap_card: java.io.FileNotFoundException: fnaf_collectibles:models/item/epic_plushtrap_card.json
[07Juli2026 17:56:44.079] [Worker-Main-4/WARN] [net.minecraft.client.resources.model.ModelBakery/]: Unable to load model: 'fnaf_collectibles:item/common_nightmareballoonboy_card' referenced from: fnaf_collectibles:item/common_nightmareballoonboy_card: java.io.FileNotFoundException: fnaf_collectibles:models/item/common_nightmareballoonboy_card.json
[07Juli2026 17:56:44.079] [Worker-Main-4/WARN] [net.minecraft.client.resources.model.ModelBakery/]: Unable to load model: 'fnaf_collectibles:item/common_goldenfreddy_card' referenced from: fnaf_collectibles:item/common_goldenfreddy_card: java.io.FileNotFoundException: fnaf_collectibles:models/item/common_goldenfreddy_card.json
[07Juli2026 17:56:44.079] [Worker-Main-4/WARN] [net.minecraft.client.resources.model.ModelBakery/]: Unable to load model: 'fnaf_collectibles:item/epic_phantomchica_card' referenced from: fnaf_collectibles:item/epic_phantomchica_card: java.io.FileNotFoundException: fnaf_collectibles:models/item/epic_phantomchica_card.json
[07Juli2026 17:56:44.080] [Worker-Main-4/WARN] [net.minecraft.client.resources.model.ModelBakery/]: Unable to load model: 'fnaf_collectibles:item/legendary_freddy_card' referenced from: fnaf_collectibles:item/legendary_freddy_card: java.io.FileNotFoundException: fnaf_collectibles:models/item/legendary_freddy_card.json
[07Juli2026 17:56:44.080] [Worker-Main-4/WARN] [net.minecraft.client.resources.model.ModelBakery/]: Unable to load model: 'fnaf_collectibles:item/legendary_phantommangle_card' referenced from: fnaf_collectibles:item/legendary_phantommangle_card: java.io.FileNotFoundException: fnaf_collectibles:models/item/legendary_phantommangle_card.json
[07Juli2026 17:56:44.080] [Worker-Main-4/WARN] [net.minecraft.client.resources.model.ModelBakery/]: Unable to load model: 'fnaf_collectibles:item/epic_witheredchica_card' referenced from: fnaf_collectibles:item/epic_witheredchica_card: java.io.FileNotFoundException: fnaf_collectibles:models/item/epic_witheredchica_card.json
[07Juli2026 17:56:44.080] [Worker-Main-4/WARN] [net.minecraft.client.resources.model.ModelBakery/]: Unable to load model: 'fnaf_collectibles:item/uncommon_balloonboy_card' referenced from: fnaf_collectibles:item/uncommon_balloonboy_card: java.io.FileNotFoundException: fnaf_collectibles:models/item/uncommon_balloonboy_card.json
[07Juli2026 17:56:44.080] [Worker-Main-4/WARN] [net.minecraft.client.resources.model.ModelBakery/]: Unable to load model: 'fnaf_collectibles:item/epic_goldenfreddy_card' referenced from: fnaf_collectibles:item/epic_goldenfreddy_card: java.io.FileNotFoundException: fnaf_collectibles:models/item/epic_goldenfreddy_card.json
[07Juli2026 17:56:44.081] [Worker-Main-4/WARN] [net.minecraft.client.resources.model.ModelBakery/]: Unable to load model: 'fnaf_collectibles:item/legendary_bonnie_card' referenced from: fnaf_collectibles:item/legendary_bonnie_card: java.io.FileNotFoundException: fnaf_collectibles:models/item/legendary_bonnie_card.json
[07Juli2026 17:56:44.081] [Worker-Main-4/WARN] [net.minecraft.client.resources.model.ModelBakery/]: Unable to load model: 'fnaf_collectibles:item/epic_mangle_card' referenced from: fnaf_collectibles:item/epic_mangle_card: java.io.FileNotFoundException: fnaf_collectibles:models/item/epic_mangle_card.json
[07Juli2026 17:56:44.082] [Worker-Main-4/WARN] [net.minecraft.client.resources.model.ModelBakery/]: Unable to load model: 'fnaf_collectibles:item/rare_toyfreddy_card' referenced from: fnaf_collectibles:item/rare_toyfreddy_card: java.io.FileNotFoundException: fnaf_collectibles:models/item/rare_toyfreddy_card.json
[07Juli2026 17:56:44.082] [Worker-Main-4/WARN] [net.minecraft.client.resources.model.ModelBakery/]: Unable to load model: 'fnaf_collectibles:item/epic_nightmarechica_card' referenced from: fnaf_collectibles:item/epic_nightmarechica_card: java.io.FileNotFoundException: fnaf_collectibles:models/item/epic_nightmarechica_card.json
[07Juli2026 17:56:44.082] [Worker-Main-4/WARN] [net.minecraft.client.resources.model.ModelBakery/]: Unable to load model: 'fnaf_collectibles:item/legendary_chica_card' referenced from: fnaf_collectibles:item/legendary_chica_card: java.io.FileNotFoundException: fnaf_collectibles:models/item/legendary_chica_card.json
[07Juli2026 17:56:44.082] [Worker-Main-4/WARN] [net.minecraft.client.resources.model.ModelBakery/]: Unable to load model: 'fnaf_collectibles:item/rare_toybonnie_card' referenced from: fnaf_collectibles:item/rare_toybonnie_card: java.io.FileNotFoundException: fnaf_collectibles:models/item/rare_toybonnie_card.json
[07Juli2026 17:56:44.082] [Worker-Main-4/WARN] [net.minecraft.client.resources.model.ModelBakery/]: Unable to load model: 'fnaf_collectibles:item/legendary_nightmarechica_card' referenced from: fnaf_collectibles:item/legendary_nightmarechica_card: java.io.FileNotFoundException: fnaf_collectibles:models/item/legendary_nightmarechica_card.json
[07Juli2026 17:56:44.082] [Worker-Main-4/WARN] [net.minecraft.client.resources.model.ModelBakery/]: Unable to load model: 'fnaf_collectibles:item/rare_ennard_card' referenced from: fnaf_collectibles:item/rare_ennard_card: java.io.FileNotFoundException: fnaf_collectibles:models/item/rare_ennard_card.json
[07Juli2026 17:56:44.082] [Worker-Main-4/WARN] [net.minecraft.client.resources.model.ModelBakery/]: Unable to load model: 'fnaf_collectibles:item/fnafcommonpack' referenced from: fnaf_collectibles:item/fnafcommonpack: java.io.FileNotFoundException: fnaf_collectibles:models/item/fnafcommonpack.json
[07Juli2026 17:56:44.082] [Worker-Main-4/WARN] [net.minecraft.client.resources.model.ModelBakery/]: Unable to load model: 'fnaf_collectibles:item/uncommon_yenndo_card' referenced from: fnaf_collectibles:item/uncommon_yenndo_card: java.io.FileNotFoundException: fnaf_collectibles:models/item/uncommon_yenndo_card.json
[07Juli2026 17:56:44.082] [Worker-Main-4/WARN] [net.minecraft.client.resources.model.ModelBakery/]: Unable to load model: 'fnaf_collectibles:item/rare_endo2_card' referenced from: fnaf_collectibles:item/rare_endo2_card: java.io.FileNotFoundException: fnaf_collectibles:models/item/rare_endo2_card.json
[07Juli2026 17:56:44.083] [Worker-Main-4/WARN] [net.minecraft.client.resources.model.ModelBakery/]: Unable to load model: 'fnaf_collectibles:item/epic_endo2_card' referenced from: fnaf_collectibles:item/epic_endo2_card: java.io.FileNotFoundException: fnaf_collectibles:models/item/epic_endo2_card.json
[07Juli2026 17:56:44.083] [Worker-Main-4/WARN] [net.minecraft.client.resources.model.ModelBakery/]: Unable to load model: 'fnaf_collectibles:item/uncommon_minireena_card' referenced from: fnaf_collectibles:item/uncommon_minireena_card: java.io.FileNotFoundException: fnaf_collectibles:models/item/uncommon_minireena_card.json
[07Juli2026 17:56:44.084] [Worker-Main-4/WARN] [net.minecraft.client.resources.model.ModelBakery/]: Unable to load model: 'fnaf_collectibles:item/legendary_nightmareballoonboy_card' referenced from: fnaf_collectibles:item/legendary_nightmareballoonboy_card: java.io.FileNotFoundException: fnaf_collectibles:models/item/legendary_nightmareballoonboy_card.json
[07Juli2026 17:56:44.084] [Worker-Main-4/WARN] [net.minecraft.client.resources.model.ModelBakery/]: Unable to load model: 'fnaf_collectibles:item/rare_phantomfreddy_card' referenced from: fnaf_collectibles:item/rare_phantomfreddy_card: java.io.FileNotFoundException: fnaf_collectibles:models/item/rare_phantomfreddy_card.json
[07Juli2026 17:56:44.085] [Worker-Main-4/WARN] [net.minecraft.client.resources.model.ModelBakery/]: Unable to load model: 'fnaf_collectibles:item/epic_bonbon_card' referenced from: fnaf_collectibles:item/epic_bonbon_card: java.io.FileNotFoundException: fnaf_collectibles:models/item/epic_bonbon_card.json
[07Juli2026 17:56:44.085] [Worker-Main-4/WARN] [net.minecraft.client.resources.model.ModelBakery/]: Unable to load model: 'fnaf_collectibles:item/uncommon_witheredfreddy_card' referenced from: fnaf_collectibles:item/uncommon_witheredfreddy_card: java.io.FileNotFoundException: fnaf_collectibles:models/item/uncommon_witheredfreddy_card.json
[07Juli2026 17:56:44.086] [Worker-Main-4/WARN] [net.minecraft.client.resources.model.ModelBakery/]: Unable to load model: 'fnaf_collectibles:item/uncommon_nightmarepuppet_card' referenced from: fnaf_collectibles:item/uncommon_nightmarepuppet_card: java.io.FileNotFoundException: fnaf_collectibles:models/item/uncommon_nightmarepuppet_card.json
[07Juli2026 17:56:44.086] [Worker-Main-4/WARN] [net.minecraft.client.resources.model.ModelBakery/]: Unable to load model: 'fnaf_collectibles:item/rare_mangle_card' referenced from: fnaf_collectibles:item/rare_mangle_card: java.io.FileNotFoundException: fnaf_collectibles:models/item/rare_mangle_card.json
[07Juli2026 17:56:44.086] [Worker-Main-4/WARN] [net.minecraft.client.resources.model.ModelBakery/]: Unable to load model: 'fnaf_collectibles:item/common_bidybab_card' referenced from: fnaf_collectibles:item/common_bidybab_card: java.io.FileNotFoundException: fnaf_collectibles:models/item/common_bidybab_card.json
[07Juli2026 17:56:44.086] [Worker-Main-4/WARN] [net.minecraft.client.resources.model.ModelBakery/]: Unable to load model: 'fnaf_collectibles:item/epic_nightmarefreddy_card' referenced from: fnaf_collectibles:item/epic_nightmarefreddy_card: java.io.FileNotFoundException: fnaf_collectibles:models/item/epic_nightmarefreddy_card.json
[07Juli2026 17:56:44.086] [Worker-Main-4/WARN] [net.minecraft.client.resources.model.ModelBakery/]: Unable to load model: 'fnaf_collectibles:item/uncommon_bonnie_card' referenced from: fnaf_collectibles:item/uncommon_bonnie_card: java.io.FileNotFoundException: fnaf_collectibles:models/item/uncommon_bonnie_card.json
[07Juli2026 17:56:44.086] [Worker-Main-4/WARN] [net.minecraft.client.resources.model.ModelBakery/]: Unable to load model: 'fnaf_collectibles:item/rare_lolbit_card' referenced from: fnaf_collectibles:item/rare_lolbit_card: java.io.FileNotFoundException: fnaf_collectibles:models/item/rare_lolbit_card.json
[07Juli2026 17:56:44.086] [Worker-Main-4/WARN] [net.minecraft.client.resources.model.ModelBakery/]: Unable to load model: 'fnaf_collectibles:item/uncommon_circusbaby_card' referenced from: fnaf_collectibles:item/uncommon_circusbaby_card: java.io.FileNotFoundException: fnaf_collectibles:models/item/uncommon_circusbaby_card.json
[07Juli2026 17:56:44.087] [Worker-Main-4/WARN] [net.minecraft.client.resources.model.ModelBakery/]: Unable to load model: 'fnaf_collectibles:item/common_balloonboy_card' referenced from: fnaf_collectibles:item/common_balloonboy_card: java.io.FileNotFoundException: fnaf_collectibles:models/item/common_balloonboy_card.json
[07Juli2026 17:56:44.087] [Worker-Main-4/WARN] [net.minecraft.client.resources.model.ModelBakery/]: Unable to load model: 'fnaf_collectibles:item/common_phantomfreddy_card' referenced from: fnaf_collectibles:item/common_phantomfreddy_card: java.io.FileNotFoundException: fnaf_collectibles:models/item/common_phantomfreddy_card.json
[07Juli2026 17:56:44.087] [Worker-Main-4/WARN] [net.minecraft.client.resources.model.ModelBakery/]: Unable to load model: 'fnaf_collectibles:item/common_lolbit_card' referenced from: fnaf_collectibles:item/common_lolbit_card: java.io.FileNotFoundException: fnaf_collectibles:models/item/common_lolbit_card.json
[07Juli2026 17:56:44.087] [Worker-Main-4/WARN] [net.minecraft.client.resources.model.ModelBakery/]: Unable to load model: 'fnaf_collectibles:item/rare_jackobonnie_card' referenced from: fnaf_collectibles:item/rare_jackobonnie_card: java.io.FileNotFoundException: fnaf_collectibles:models/item/rare_jackobonnie_card.json
[07Juli2026 17:56:44.087] [Worker-Main-4/WARN] [net.minecraft.client.resources.model.ModelBakery/]: Unable to load model: 'fnaf_collectibles:item/rare_ballora_card' referenced from: fnaf_collectibles:item/rare_ballora_card: java.io.FileNotFoundException: fnaf_collectibles:models/item/rare_ballora_card.json
[07Juli2026 17:56:44.088] [Worker-Main-4/WARN] [net.minecraft.client.resources.model.ModelBakery/]: Unable to load model: 'fnaf_collectibles:item/common_nightmarefoxy_card' referenced from: fnaf_collectibles:item/common_nightmarefoxy_card: java.io.FileNotFoundException: fnaf_collectibles:models/item/common_nightmarefoxy_card.json
[07Juli2026 17:56:44.088] [Worker-Main-4/WARN] [net.minecraft.client.resources.model.ModelBakery/]: Unable to load model: 'fnaf_collectibles:item/epic_puppet_card' referenced from: fnaf_collectibles:item/epic_puppet_card: java.io.FileNotFoundException: fnaf_collectibles:models/item/epic_puppet_card.json
[07Juli2026 17:56:44.088] [Worker-Main-4/WARN] [net.minecraft.client.resources.model.ModelBakery/]: Unable to load model: 'fnaf_collectibles:item/rare_circusbaby_card' referenced from: fnaf_collectibles:item/rare_circusbaby_card: java.io.FileNotFoundException: fnaf_collectibles:models/item/rare_circusbaby_card.json
[07Juli2026 17:56:44.088] [Worker-Main-4/WARN] [net.minecraft.client.resources.model.ModelBakery/]: Unable to load model: 'fnaf_collectibles:item/legendary_phantompuppet_card' referenced from: fnaf_collectibles:item/legendary_phantompuppet_card: java.io.FileNotFoundException: fnaf_collectibles:models/item/legendary_phantompuppet_card.json
[07Juli2026 17:56:44.088] [Worker-Main-4/WARN] [net.minecraft.client.resources.model.ModelBakery/]: Unable to load model: 'fnaf_collectibles:item/common_witheredbonnie_card' referenced from: fnaf_collectibles:item/common_witheredbonnie_card: java.io.FileNotFoundException: fnaf_collectibles:models/item/common_witheredbonnie_card.json
[07Juli2026 17:56:44.088] [Worker-Main-4/WARN] [net.minecraft.client.resources.model.ModelBakery/]: Unable to load model: 'fnaf_collectibles:item/legendary_ballora_card' referenced from: fnaf_collectibles:item/legendary_ballora_card: java.io.FileNotFoundException: fnaf_collectibles:models/item/legendary_ballora_card.json
[07Juli2026 17:56:44.089] [Worker-Main-4/WARN] [net.minecraft.client.resources.model.ModelBakery/]: Unable to load model: 'fnaf_collectibles:item/rare_jj_card' referenced from: fnaf_collectibles:item/rare_jj_card: java.io.FileNotFoundException: fnaf_collectibles:models/item/rare_jj_card.json
[07Juli2026 17:56:44.089] [Worker-Main-4/WARN] [net.minecraft.client.resources.model.ModelBakery/]: Unable to load model: 'fnaf_collectibles:item/legendary_toyfreddy_card' referenced from: fnaf_collectibles:item/legendary_toyfreddy_card: java.io.FileNotFoundException: fnaf_collectibles:models/item/legendary_toyfreddy_card.json
[07Juli2026 17:56:44.089] [Worker-Main-4/WARN] [net.minecraft.client.resources.model.ModelBakery/]: Unable to load model: 'fnaf_collectibles:item/legendary_toybonnie_card' referenced from: fnaf_collectibles:item/legendary_toybonnie_card: java.io.FileNotFoundException: fnaf_collectibles:models/item/legendary_toybonnie_card.json
[07Juli2026 17:56:44.089] [Worker-Main-4/WARN] [net.minecraft.client.resources.model.ModelBakery/]: Unable to load model: 'fnaf_collectibles:item/common_mangle_card' referenced from: fnaf_collectibles:item/common_mangle_card: java.io.FileNotFoundException: fnaf_collectibles:models/item/common_mangle_card.json
[07Juli2026 17:56:44.089] [Worker-Main-4/WARN] [net.minecraft.client.resources.model.ModelBakery/]: Unable to load model: 'fnaf_collectibles:item/epic_springtrap_card' referenced from: fnaf_collectibles:item/epic_springtrap_card: java.io.FileNotFoundException: fnaf_collectibles:models/item/epic_springtrap_card.json
[07Juli2026 17:56:44.090] [Worker-Main-4/WARN] [net.minecraft.client.resources.model.ModelBakery/]: Unable to load model: 'fnaf_collectibles:item/uncommon_phantomfoxy_card' referenced from: fnaf_collectibles:item/uncommon_phantomfoxy_card: java.io.FileNotFoundException: fnaf_collectibles:models/item/uncommon_phantomfoxy_card.json
[07Juli2026 17:56:44.090] [Worker-Main-4/WARN] [net.minecraft.client.resources.model.ModelBakery/]: Unable to load model: 'fnaf_collectibles:item/uncommon_ennard_card' referenced from: fnaf_collectibles:item/uncommon_ennard_card: java.io.FileNotFoundException: fnaf_collectibles:models/item/uncommon_ennard_card.json
[07Juli2026 17:56:44.090] [Worker-Main-4/WARN] [net.minecraft.client.resources.model.ModelBakery/]: Unable to load model: 'fnaf_collectibles:item/uncommon_phantomchica_card' referenced from: fnaf_collectibles:item/uncommon_phantomchica_card: java.io.FileNotFoundException: fnaf_collectibles:models/item/uncommon_phantomchica_card.json
[07Juli2026 17:56:44.090] [Worker-Main-4/WARN] [net.minecraft.client.resources.model.ModelBakery/]: Unable to load model: 'fnaf_collectibles:item/common_nightmarefreddy_card' referenced from: fnaf_collectibles:item/common_nightmarefreddy_card: java.io.FileNotFoundException: fnaf_collectibles:models/item/common_nightmarefreddy_card.json
[07Juli2026 17:56:44.090] [Worker-Main-4/WARN] [net.minecraft.client.resources.model.ModelBakery/]: Unable to load model: 'fnaf_collectibles:item/rare_phantomchica_card' referenced from: fnaf_collectibles:item/rare_phantomchica_card: java.io.FileNotFoundException: fnaf_collectibles:models/item/rare_phantomchica_card.json
[07Juli2026 17:56:44.091] [Worker-Main-4/WARN] [net.minecraft.client.resources.model.ModelBakery/]: Unable to load model: 'fnaf_collectibles:item/legendary_nightmarefredbear_card' referenced from: fnaf_collectibles:item/legendary_nightmarefredbear_card: java.io.FileNotFoundException: fnaf_collectibles:models/item/legendary_nightmarefredbear_card.json
[07Juli2026 17:56:44.091] [Worker-Main-4/WARN] [net.minecraft.client.resources.model.ModelBakery/]: Unable to load model: 'fnaf_collectibles:item/legendary_witheredchica_card' referenced from: fnaf_collectibles:item/legendary_witheredchica_card: java.io.FileNotFoundException: fnaf_collectibles:models/item/legendary_witheredchica_card.json
[07Juli2026 17:56:44.092] [Worker-Main-4/WARN] [net.minecraft.client.resources.model.ModelBakery/]: Unable to load model: 'fnaf_collectibles:item/common_jackobonnie_card' referenced from: fnaf_collectibles:item/common_jackobonnie_card: java.io.FileNotFoundException: fnaf_collectibles:models/item/common_jackobonnie_card.json
[07Juli2026 17:56:44.092] [Worker-Main-4/WARN] [net.minecraft.client.resources.model.ModelBakery/]: Unable to load model: 'fnaf_collectibles:item/epic_jackochica_card' referenced from: fnaf_collectibles:item/epic_jackochica_card: java.io.FileNotFoundException: fnaf_collectibles:models/item/epic_jackochica_card.json
[07Juli2026 17:56:44.092] [Worker-Main-4/WARN] [net.minecraft.client.resources.model.ModelBakery/]: Unable to load model: 'fnaf_collectibles:item/legendary_minireena_card' referenced from: fnaf_collectibles:item/legendary_minireena_card: java.io.FileNotFoundException: fnaf_collectibles:models/item/legendary_minireena_card.json
[07Juli2026 17:56:44.092] [Worker-Main-4/WARN] [net.minecraft.client.resources.model.ModelBakery/]: Unable to load model: 'fnaf_collectibles:item/uncommon_phantomfreddy_card' referenced from: fnaf_collectibles:item/uncommon_phantomfreddy_card: java.io.FileNotFoundException: fnaf_collectibles:models/item/uncommon_phantomfreddy_card.json
[07Juli2026 17:56:44.092] [Worker-Main-4/WARN] [net.minecraft.client.resources.model.ModelBakery/]: Unable to load model: 'fnaf_collectibles:item/epic_ballora_card' referenced from: fnaf_collectibles:item/epic_ballora_card: java.io.FileNotFoundException: fnaf_collectibles:models/item/epic_ballora_card.json
[07Juli2026 17:56:44.093] [Worker-Main-4/WARN] [net.minecraft.client.resources.model.ModelBakery/]: Unable to load model: 'fnaf_collectibles:item/uncommon_plushtrap_card' referenced from: fnaf_collectibles:item/uncommon_plushtrap_card: java.io.FileNotFoundException: fnaf_collectibles:models/item/uncommon_plushtrap_card.json
[07Juli2026 17:56:44.093] [Worker-Main-4/WARN] [net.minecraft.client.resources.model.ModelBakery/]: Unable to load model: 'fnaf_collectibles:item/rare_phantomfoxy_card' referenced from: fnaf_collectibles:item/rare_phantomfoxy_card: java.io.FileNotFoundException: fnaf_collectibles:models/item/rare_phantomfoxy_card.json
[07Juli2026 17:56:44.093] [Worker-Main-4/WARN] [net.minecraft.client.resources.model.ModelBakery/]: Unable to load model: 'fnaf_collectibles:item/common_shadowbonnie_card' referenced from: fnaf_collectibles:item/common_shadowbonnie_card: java.io.FileNotFoundException: fnaf_collectibles:models/item/common_shadowbonnie_card.json
[07Juli2026 17:56:44.094] [Worker-Main-4/WARN] [net.minecraft.client.resources.model.ModelBakery/]: Unable to load model: 'fnaf_collectibles:item/epic_shadowbonnie_card' referenced from: fnaf_collectibles:item/epic_shadowbonnie_card: java.io.FileNotFoundException: fnaf_collectibles:models/item/epic_shadowbonnie_card.json
[07Juli2026 17:56:44.094] [Worker-Main-4/WARN] [net.minecraft.client.resources.model.ModelBakery/]: Unable to load model: 'fnaf_collectibles:item/legendary_jackochica_card' referenced from: fnaf_collectibles:item/legendary_jackochica_card: java.io.FileNotFoundException: fnaf_collectibles:models/item/legendary_jackochica_card.json
[07Juli2026 17:56:44.094] [Worker-Main-4/WARN] [net.minecraft.client.resources.model.ModelBakery/]: Unable to load model: 'fnaf_collectibles:item/epic_toychica_card' referenced from: fnaf_collectibles:item/epic_toychica_card: java.io.FileNotFoundException: fnaf_collectibles:models/item/epic_toychica_card.json
[07Juli2026 17:56:44.095] [Worker-Main-4/WARN] [net.minecraft.client.resources.model.ModelBakery/]: Unable to load model: 'fnaf_collectibles:item/epic_jackobonnie_card' referenced from: fnaf_collectibles:item/epic_jackobonnie_card: java.io.FileNotFoundException: fnaf_collectibles:models/item/epic_jackobonnie_card.json
[07Juli2026 17:56:44.095] [Worker-Main-4/WARN] [net.minecraft.client.resources.model.ModelBakery/]: Unable to load model: 'fnaf_collectibles:item/common_puppet_card' referenced from: fnaf_collectibles:item/common_puppet_card: java.io.FileNotFoundException: fnaf_collectibles:models/item/common_puppet_card.json
[07Juli2026 17:56:44.095] [Worker-Main-4/WARN] [net.minecraft.client.resources.model.ModelBakery/]: Unable to load model: 'fnaf_collectibles:item/epic_nightmare_card' referenced from: fnaf_collectibles:item/epic_nightmare_card: java.io.FileNotFoundException: fnaf_collectibles:models/item/epic_nightmare_card.json
[07Juli2026 17:56:44.095] [Worker-Main-4/WARN] [net.minecraft.client.resources.model.ModelBakery/]: Unable to load model: 'fnaf_collectibles:item/legendary_plushtrap_card' referenced from: fnaf_collectibles:item/legendary_plushtrap_card: java.io.FileNotFoundException: fnaf_collectibles:models/item/legendary_plushtrap_card.json
[07Juli2026 17:56:44.096] [Worker-Main-4/WARN] [net.minecraft.client.resources.model.ModelBakery/]: Unable to load model: 'fnaf_collectibles:item/legendary_nightmarefreddy_card' referenced from: fnaf_collectibles:item/legendary_nightmarefreddy_card: java.io.FileNotFoundException: fnaf_collectibles:models/item/legendary_nightmarefreddy_card.json
[07Juli2026 17:56:44.096] [Worker-Main-4/WARN] [net.minecraft.client.resources.model.ModelBakery/]: Unable to load model: 'fnaf_collectibles:item/epic_witheredbonnie_card' referenced from: fnaf_collectibles:item/epic_witheredbonnie_card: java.io.FileNotFoundException: fnaf_collectibles:models/item/epic_witheredbonnie_card.json
[07Juli2026 17:56:44.096] [Worker-Main-4/WARN] [net.minecraft.client.resources.model.ModelBakery/]: Unable to load model: 'fnaf_collectibles:item/common_ennard_card' referenced from: fnaf_collectibles:item/common_ennard_card: java.io.FileNotFoundException: fnaf_collectibles:models/item/common_ennard_card.json
[07Juli2026 17:56:44.096] [Worker-Main-4/WARN] [net.minecraft.client.resources.model.ModelBakery/]: Unable to load model: 'fnaf_collectibles:item/uncommon_phantommangle_card' referenced from: fnaf_collectibles:item/uncommon_phantommangle_card: java.io.FileNotFoundException: fnaf_collectibles:models/item/uncommon_phantommangle_card.json
[07Juli2026 17:56:44.096] [Worker-Main-4/WARN] [net.minecraft.client.resources.model.ModelBakery/]: Unable to load model: 'fnaf_collectibles:item/rare_witheredfreddy_card' referenced from: fnaf_collectibles:item/rare_witheredfreddy_card: java.io.FileNotFoundException: fnaf_collectibles:models/item/rare_witheredfreddy_card.json
[07Juli2026 17:56:44.097] [Worker-Main-4/WARN] [net.minecraft.client.resources.model.ModelBakery/]: Unable to load model: 'fnaf_collectibles:item/uncommon_goldenfreddy_card' referenced from: fnaf_collectibles:item/uncommon_goldenfreddy_card: java.io.FileNotFoundException: fnaf_collectibles:models/item/uncommon_goldenfreddy_card.json
[07Juli2026 17:56:44.097] [Worker-Main-4/WARN] [net.minecraft.client.resources.model.ModelBakery/]: Unable to load model: 'fnaf_collectibles:item/epic_phantommangle_card' referenced from: fnaf_collectibles:item/epic_phantommangle_card: java.io.FileNotFoundException: fnaf_collectibles:models/item/epic_phantommangle_card.json
[07Juli2026 17:56:44.097] [Worker-Main-4/WARN] [net.minecraft.client.resources.model.ModelBakery/]: Unable to load model: 'fnaf_collectibles:item/rare_nightmareballoonboy_card' referenced from: fnaf_collectibles:item/rare_nightmareballoonboy_card: java.io.FileNotFoundException: fnaf_collectibles:models/item/rare_nightmareballoonboy_card.json
[07Juli2026 17:56:44.097] [Worker-Main-4/WARN] [net.minecraft.client.resources.model.ModelBakery/]: Unable to load model: 'fnaf_collectibles:item/legendary_shadowbonnie_card' referenced from: fnaf_collectibles:item/legendary_shadowbonnie_card: java.io.FileNotFoundException: fnaf_collectibles:models/item/legendary_shadowbonnie_card.json
[07Juli2026 17:56:44.097] [Worker-Main-4/WARN] [net.minecraft.client.resources.model.ModelBakery/]: Unable to load model: 'fnaf_collectibles:item/rare_goldenfreddy_card' referenced from: fnaf_collectibles:item/rare_goldenfreddy_card: java.io.FileNotFoundException: fnaf_collectibles:models/item/rare_goldenfreddy_card.json
[07Juli2026 17:56:44.098] [Worker-Main-4/WARN] [net.minecraft.client.resources.model.ModelBakery/]: Unable to load model: 'fnaf_collectibles:item/common_funtimefreddy_card' referenced from: fnaf_collectibles:item/common_funtimefreddy_card: java.io.FileNotFoundException: fnaf_collectibles:models/item/common_funtimefreddy_card.json
[07Juli2026 17:56:44.098] [Worker-Main-4/WARN] [net.minecraft.client.resources.model.ModelBakery/]: Unable to load model: 'fnaf_collectibles:item/epic_phantomfreddy_card' referenced from: fnaf_collectibles:item/epic_phantomfreddy_card: java.io.FileNotFoundException: fnaf_collectibles:models/item/epic_phantomfreddy_card.json
[07Juli2026 17:56:44.098] [Worker-Main-4/WARN] [net.minecraft.client.resources.model.ModelBakery/]: Unable to load model: 'fnaf_collectibles:item/rare_puppet_card' referenced from: fnaf_collectibles:item/rare_puppet_card: java.io.FileNotFoundException: fnaf_collectibles:models/item/rare_puppet_card.json
[07Juli2026 17:56:44.098] [Worker-Main-4/WARN] [net.minecraft.client.resources.model.ModelBakery/]: Unable to load model: 'fnaf_collectibles:item/rare_phantompuppet_card' referenced from: fnaf_collectibles:item/rare_phantompuppet_card: java.io.FileNotFoundException: fnaf_collectibles:models/item/rare_phantompuppet_card.json
[07Juli2026 17:56:44.098] [Worker-Main-4/WARN] [net.minecraft.client.resources.model.ModelBakery/]: Unable to load model: 'fnaf_collectibles:item/uncommon_nightmarefreddy_card' referenced from: fnaf_collectibles:item/uncommon_nightmarefreddy_card: java.io.FileNotFoundException: fnaf_collectibles:models/item/uncommon_nightmarefreddy_card.json
[07Juli2026 17:56:44.098] [Worker-Main-4/WARN] [net.minecraft.client.resources.model.ModelBakery/]: Unable to load model: 'fnaf_collectibles:item/rare_nightmarebonnie_card' referenced from: fnaf_collectibles:item/rare_nightmarebonnie_card: java.io.FileNotFoundException: fnaf_collectibles:models/item/rare_nightmarebonnie_card.json
[07Juli2026 17:56:44.099] [Worker-Main-4/WARN] [net.minecraft.client.resources.model.ModelBakery/]: Unable to load model: 'fnaf_collectibles:item/legendary_springtrap_card' referenced from: fnaf_collectibles:item/legendary_springtrap_card: java.io.FileNotFoundException: fnaf_collectibles:models/item/legendary_springtrap_card.json
[07Juli2026 17:56:44.099] [Worker-Main-4/WARN] [net.minecraft.client.resources.model.ModelBakery/]: Unable to load model: 'fnaf_collectibles:item/epic_toybonnie_card' referenced from: fnaf_collectibles:item/epic_toybonnie_card: java.io.FileNotFoundException: fnaf_collectibles:models/item/epic_toybonnie_card.json
[07Juli2026 17:56:44.099] [Worker-Main-4/WARN] [net.minecraft.client.resources.model.ModelBakery/]: Unable to load model: 'fnaf_collectibles:item/cardpull' referenced from: fnaf_collectibles:item/cardpull: java.io.FileNotFoundException: fnaf_collectibles:models/item/cardpull.json
[07Juli2026 17:56:44.099] [Worker-Main-4/WARN] [net.minecraft.client.resources.model.ModelBakery/]: Unable to load model: 'fnaf_collectibles:item/common_circusbaby_card' referenced from: fnaf_collectibles:item/common_circusbaby_card: java.io.FileNotFoundException: fnaf_collectibles:models/item/common_circusbaby_card.json
[07Juli2026 17:56:44.099] [Worker-Main-4/WARN] [net.minecraft.client.resources.model.ModelBakery/]: Unable to load model: 'fnaf_collectibles:item/uncommon_puppet_card' referenced from: fnaf_collectibles:item/uncommon_puppet_card: java.io.FileNotFoundException: fnaf_collectibles:models/item/uncommon_puppet_card.json
[07Juli2026 17:56:44.100] [Worker-Main-4/WARN] [net.minecraft.client.resources.model.ModelBakery/]: Unable to load model: 'fnaf_collectibles:item/legendary_witheredbonnie_card' referenced from: fnaf_collectibles:item/legendary_witheredbonnie_card: java.io.FileNotFoundException: fnaf_collectibles:models/item/legendary_witheredbonnie_card.json
[07Juli2026 17:56:44.100] [Worker-Main-4/WARN] [net.minecraft.client.resources.model.ModelBakery/]: Unable to load model: 'fnaf_collectibles:item/rare_witheredchica_card' referenced from: fnaf_collectibles:item/rare_witheredchica_card: java.io.FileNotFoundException: fnaf_collectibles:models/item/rare_witheredchica_card.json
[07Juli2026 17:56:44.100] [Worker-Main-4/WARN] [net.minecraft.client.resources.model.ModelBakery/]: Unable to load model: 'fnaf_collectibles:item/rare_plushtrap_card' referenced from: fnaf_collectibles:item/rare_plushtrap_card: java.io.FileNotFoundException: fnaf_collectibles:models/item/rare_plushtrap_card.json
[07Juli2026 17:56:44.100] [Worker-Main-4/WARN] [net.minecraft.client.resources.model.ModelBakery/]: Unable to load model: 'fnaf_collectibles:item/legendary_ennard_card' referenced from: fnaf_collectibles:item/legendary_ennard_card: java.io.FileNotFoundException: fnaf_collectibles:models/item/legendary_ennard_card.json
[07Juli2026 17:56:44.100] [Worker-Main-4/WARN] [net.minecraft.client.resources.model.ModelBakery/]: Unable to load model: 'fnaf_collectibles:item/uncommon_endo2_card' referenced from: fnaf_collectibles:item/uncommon_endo2_card: java.io.FileNotFoundException: fnaf_collectibles:models/item/uncommon_endo2_card.json
[07Juli2026 17:56:44.102] [Worker-Main-4/WARN] [net.minecraft.client.resources.model.ModelBakery/]: Unable to load model: 'fnaf_collectibles:item/legendary_witheredfreddy_card' referenced from: fnaf_collectibles:item/legendary_witheredfreddy_card: java.io.FileNotFoundException: fnaf_collectibles:models/item/legendary_witheredfreddy_card.json
[07Juli2026 17:56:44.102] [Worker-Main-4/WARN] [net.minecraft.client.resources.model.ModelBakery/]: Unable to load model: 'fnaf_collectibles:item/uncommon_witheredgoldenfreddy_card' referenced from: fnaf_collectibles:item/uncommon_witheredgoldenfreddy_card: java.io.FileNotFoundException: fnaf_collectibles:models/item/uncommon_witheredgoldenfreddy_card.json
[07Juli2026 17:56:44.102] [Worker-Main-4/WARN] [net.minecraft.client.resources.model.ModelBakery/]: Unable to load model: 'fnaf_collectibles:item/rare_bonbon_card' referenced from: fnaf_collectibles:item/rare_bonbon_card: java.io.FileNotFoundException: fnaf_collectibles:models/item/rare_bonbon_card.json
[07Juli2026 17:56:44.102] [Worker-Main-4/WARN] [net.minecraft.client.resources.model.ModelBakery/]: Unable to load model: 'fnaf_collectibles:item/epic_bidybab_card' referenced from: fnaf_collectibles:item/epic_bidybab_card: java.io.FileNotFoundException: fnaf_collectibles:models/item/epic_bidybab_card.json
[07Juli2026 17:56:44.102] [Worker-Main-4/WARN] [net.minecraft.client.resources.model.ModelBakery/]: Unable to load model: 'fnaf_collectibles:item/rare_funtimefreddy_card' referenced from: fnaf_collectibles:item/rare_funtimefreddy_card: java.io.FileNotFoundException: fnaf_collectibles:models/item/rare_funtimefreddy_card.json
[07Juli2026 17:56:44.102] [Worker-Main-4/WARN] [net.minecraft.client.resources.model.ModelBakery/]: Unable to load model: 'fnaf_collectibles:item/common_bonnie_card' referenced from: fnaf_collectibles:item/common_bonnie_card: java.io.FileNotFoundException: fnaf_collectibles:models/item/common_bonnie_card.json
[07Juli2026 17:56:44.103] [Worker-Main-4/WARN] [net.minecraft.client.resources.model.ModelBakery/]: Unable to load model: 'fnaf_collectibles:item/common_witheredgoldenfreddy_card' referenced from: fnaf_collectibles:item/common_witheredgoldenfreddy_card: java.io.FileNotFoundException: fnaf_collectibles:models/item/common_witheredgoldenfreddy_card.json
[07Juli2026 17:56:44.103] [Worker-Main-4/WARN] [net.minecraft.client.resources.model.ModelBakery/]: Unable to load model: 'fnaf_collectibles:item/epic_ennard_card' referenced from: fnaf_collectibles:item/epic_ennard_card: java.io.FileNotFoundException: fnaf_collectibles:models/item/epic_ennard_card.json
[07Juli2026 17:56:44.103] [Worker-Main-4/WARN] [net.minecraft.client.resources.model.ModelBakery/]: Unable to load model: 'fnaf_collectibles:item/legendary_endo1_card' referenced from: fnaf_collectibles:item/legendary_endo1_card: java.io.FileNotFoundException: fnaf_collectibles:models/item/legendary_endo1_card.json
[07Juli2026 17:56:44.103] [Worker-Main-4/WARN] [net.minecraft.client.resources.model.ModelBakery/]: Unable to load model: 'fnaf_collectibles:item/legendary_shadowfreddy_card' referenced from: fnaf_collectibles:item/legendary_shadowfreddy_card: java.io.FileNotFoundException: fnaf_collectibles:models/item/legendary_shadowfreddy_card.json
[07Juli2026 17:56:44.103] [Worker-Main-4/WARN] [net.minecraft.client.resources.model.ModelBakery/]: Unable to load model: 'fnaf_collectibles:item/uncommon_nightmarefredbear_card' referenced from: fnaf_collectibles:item/uncommon_nightmarefredbear_card: java.io.FileNotFoundException: fnaf_collectibles:models/item/uncommon_nightmarefredbear_card.json
[07Juli2026 17:56:44.103] [Worker-Main-4/WARN] [net.minecraft.client.resources.model.ModelBakery/]: Unable to load model: 'fnaf_collectibles:item/epic_freddy_card' referenced from: fnaf_collectibles:item/epic_freddy_card: java.io.FileNotFoundException: fnaf_collectibles:models/item/epic_freddy_card.json
[07Juli2026 17:56:44.103] [Worker-Main-4/WARN] [net.minecraft.client.resources.model.ModelBakery/]: Unable to load model: 'fnaf_collectibles:item/legendary_nightmare_card' referenced from: fnaf_collectibles:item/legendary_nightmare_card: java.io.FileNotFoundException: fnaf_collectibles:models/item/legendary_nightmare_card.json
[07Juli2026 17:56:44.103] [Worker-Main-4/WARN] [net.minecraft.client.resources.model.ModelBakery/]: Unable to load model: 'fnaf_collectibles:item/legendary_nightmarefoxy_card' referenced from: fnaf_collectibles:item/legendary_nightmarefoxy_card: java.io.FileNotFoundException: fnaf_collectibles:models/item/legendary_nightmarefoxy_card.json
[07Juli2026 17:56:44.104] [Worker-Main-4/WARN] [net.minecraft.client.resources.model.ModelBakery/]: Unable to load model: 'fnaf_collectibles:item/common_phantommangle_card' referenced from: fnaf_collectibles:item/common_phantommangle_card: java.io.FileNotFoundException: fnaf_collectibles:models/item/common_phantommangle_card.json
[07Juli2026 17:56:44.104] [Worker-Main-4/WARN] [net.minecraft.client.resources.model.ModelBakery/]: Unable to load model: 'fnaf_collectibles:item/common_springtrap_card' referenced from: fnaf_collectibles:item/common_springtrap_card: java.io.FileNotFoundException: fnaf_collectibles:models/item/common_springtrap_card.json
[07Juli2026 17:56:44.104] [Worker-Main-4/WARN] [net.minecraft.client.resources.model.ModelBakery/]: Unable to load model: 'fnaf_collectibles:item/legendary_funtimefreddy_card' referenced from: fnaf_collectibles:item/legendary_funtimefreddy_card: java.io.FileNotFoundException: fnaf_collectibles:models/item/legendary_funtimefreddy_card.json
[07Juli2026 17:56:44.104] [Worker-Main-4/WARN] [net.minecraft.client.resources.model.ModelBakery/]: Unable to load model: 'fnaf_collectibles:item/common_ballora_card' referenced from: fnaf_collectibles:item/common_ballora_card: java.io.FileNotFoundException: fnaf_collectibles:models/item/common_ballora_card.json
[07Juli2026 17:56:44.104] [Worker-Main-4/WARN] [net.minecraft.client.resources.model.ModelBakery/]: Unable to load model: 'fnaf_collectibles:item/rare_freddy_card' referenced from: fnaf_collectibles:item/rare_freddy_card: java.io.FileNotFoundException: fnaf_collectibles:models/item/rare_freddy_card.json
[07Juli2026 17:56:44.105] [Worker-Main-4/WARN] [net.minecraft.client.resources.model.ModelBakery/]: Unable to load model: 'fnaf_collectibles:item/legendary_bidybab_card' referenced from: fnaf_collectibles:item/legendary_bidybab_card: java.io.FileNotFoundException: fnaf_collectibles:models/item/legendary_bidybab_card.json
[07Juli2026 17:56:44.105] [Worker-Main-4/WARN] [net.minecraft.client.resources.model.ModelBakery/]: Unable to load model: 'fnaf_collectibles:item/epic_nightmarepuppet_card' referenced from: fnaf_collectibles:item/epic_nightmarepuppet_card: java.io.FileNotFoundException: fnaf_collectibles:models/item/epic_nightmarepuppet_card.json
[07Juli2026 17:56:44.105] [Worker-Main-4/WARN] [net.minecraft.client.resources.model.ModelBakery/]: Unable to load model: 'fnaf_collectibles:item/common_phantompuppet_card' referenced from: fnaf_collectibles:item/common_phantompuppet_card: java.io.FileNotFoundException: fnaf_collectibles:models/item/common_phantompuppet_card.json
[07Juli2026 17:56:44.105] [Worker-Main-4/WARN] [net.minecraft.client.resources.model.ModelBakery/]: Unable to load model: 'fnaf_collectibles:item/uncommon_jackobonnie_card' referenced from: fnaf_collectibles:item/uncommon_jackobonnie_card: java.io.FileNotFoundException: fnaf_collectibles:models/item/uncommon_jackobonnie_card.json
[07Juli2026 17:56:44.105] [Worker-Main-4/WARN] [net.minecraft.client.resources.model.ModelBakery/]: Unable to load model: 'fnaf_collectibles:item/uncommon_shadowbonnie_card' referenced from: fnaf_collectibles:item/uncommon_shadowbonnie_card: java.io.FileNotFoundException: fnaf_collectibles:models/item/uncommon_shadowbonnie_card.json
[07Juli2026 17:56:44.105] [Worker-Main-4/WARN] [net.minecraft.client.resources.model.ModelBakery/]: Unable to load model: 'fnaf_collectibles:item/rare_nightmarechica_card' referenced from: fnaf_collectibles:item/rare_nightmarechica_card: java.io.FileNotFoundException: fnaf_collectibles:models/item/rare_nightmarechica_card.json
[07Juli2026 17:56:44.105] [Worker-Main-4/WARN] [net.minecraft.client.resources.model.ModelBakery/]: Unable to load model: 'fnaf_collectibles:item/legendary_endo2_card' referenced from: fnaf_collectibles:item/legendary_endo2_card: java.io.FileNotFoundException: fnaf_collectibles:models/item/legendary_endo2_card.json
[07Juli2026 17:56:44.106] [Worker-Main-4/WARN] [net.minecraft.client.resources.model.ModelBakery/]: Unable to load model: 'fnaf_collectibles:item/uncommon_lolbit_card' referenced from: fnaf_collectibles:item/uncommon_lolbit_card: java.io.FileNotFoundException: fnaf_collectibles:models/item/uncommon_lolbit_card.json
[07Juli2026 17:56:44.106] [Worker-Main-4/WARN] [net.minecraft.client.resources.model.ModelBakery/]: Unable to load model: 'fnaf_collectibles:item/epic_balloonboy_card' referenced from: fnaf_collectibles:item/epic_balloonboy_card: java.io.FileNotFoundException: fnaf_collectibles:models/item/epic_balloonboy_card.json
[07Juli2026 17:56:44.106] [Worker-Main-4/WARN] [net.minecraft.client.resources.model.ModelBakery/]: Unable to load model: 'fnaf_collectibles:item/legendary_jj_card' referenced from: fnaf_collectibles:item/legendary_jj_card: java.io.FileNotFoundException: fnaf_collectibles:models/item/legendary_jj_card.json
[07Juli2026 17:56:44.106] [Worker-Main-4/WARN] [net.minecraft.client.resources.model.ModelBakery/]: Unable to load model: 'fnaf_collectibles:item/legendary_goldenfreddy_card' referenced from: fnaf_collectibles:item/legendary_goldenfreddy_card: java.io.FileNotFoundException: fnaf_collectibles:models/item/legendary_goldenfreddy_card.json
[07Juli2026 17:56:44.106] [Worker-Main-4/WARN] [net.minecraft.client.resources.model.ModelBakery/]: Unable to load model: 'fnaf_collectibles:item/common_phantomfoxy_card' referenced from: fnaf_collectibles:item/common_phantomfoxy_card: java.io.FileNotFoundException: fnaf_collectibles:models/item/common_phantomfoxy_card.json
[07Juli2026 17:56:44.106] [Worker-Main-4/WARN] [net.minecraft.client.resources.model.ModelBakery/]: Unable to load model: 'fnaf_collectibles:item/uncommon_springtrap_card' referenced from: fnaf_collectibles:item/uncommon_springtrap_card: java.io.FileNotFoundException: fnaf_collectibles:models/item/uncommon_springtrap_card.json
[07Juli2026 17:56:44.106] [Worker-Main-4/WARN] [net.minecraft.client.resources.model.ModelBakery/]: Unable to load model: 'fnaf_collectibles:item/uncommon_foxy_card' referenced from: fnaf_collectibles:item/uncommon_foxy_card: java.io.FileNotFoundException: fnaf_collectibles:models/item/uncommon_foxy_card.json
[07Juli2026 17:56:44.107] [Worker-Main-4/WARN] [net.minecraft.client.resources.model.ModelBakery/]: Unable to load model: 'fnaf_collectibles:item/common_nightmarebonnie_card' referenced from: fnaf_collectibles:item/common_nightmarebonnie_card: java.io.FileNotFoundException: fnaf_collectibles:models/item/common_nightmarebonnie_card.json
[07Juli2026 17:56:44.107] [Worker-Main-4/WARN] [net.minecraft.client.resources.model.ModelBakery/]: Unable to load model: 'fnaf_collectibles:item/rare_shadowbonnie_card' referenced from: fnaf_collectibles:item/rare_shadowbonnie_card: java.io.FileNotFoundException: fnaf_collectibles:models/item/rare_shadowbonnie_card.json
[07Juli2026 17:56:44.107] [Worker-Main-4/WARN] [net.minecraft.client.resources.model.ModelBakery/]: Unable to load model: 'fnaf_collectibles:item/legendary_circusbaby_card' referenced from: fnaf_collectibles:item/legendary_circusbaby_card: java.io.FileNotFoundException: fnaf_collectibles:models/item/legendary_circusbaby_card.json
[07Juli2026 17:56:44.107] [Worker-Main-4/WARN] [net.minecraft.client.resources.model.ModelBakery/]: Unable to load model: 'fnaf_collectibles:item/uncommon_shadowfreddy_card' referenced from: fnaf_collectibles:item/uncommon_shadowfreddy_card: java.io.FileNotFoundException: fnaf_collectibles:models/item/uncommon_shadowfreddy_card.json
[07Juli2026 17:56:44.107] [Worker-Main-4/WARN] [net.minecraft.client.resources.model.ModelBakery/]: Unable to load model: 'fnaf_collectibles:item/legendary_phantomfoxy_card' referenced from: fnaf_collectibles:item/legendary_phantomfoxy_card: java.io.FileNotFoundException: fnaf_collectibles:models/item/legendary_phantomfoxy_card.json
[07Juli2026 17:56:44.107] [Worker-Main-4/WARN] [net.minecraft.client.resources.model.ModelBakery/]: Unable to load model: 'fnaf_collectibles:item/common_toyfreddy_card' referenced from: fnaf_collectibles:item/common_toyfreddy_card: java.io.FileNotFoundException: fnaf_collectibles:models/item/common_toyfreddy_card.json
[07Juli2026 17:56:44.107] [Worker-Main-4/WARN] [net.minecraft.client.resources.model.ModelBakery/]: Unable to load model: 'fnaf_collectibles:item/uncommon_funtimefreddy_card' referenced from: fnaf_collectibles:item/uncommon_funtimefreddy_card: java.io.FileNotFoundException: fnaf_collectibles:models/item/uncommon_funtimefreddy_card.json
[07Juli2026 17:56:44.108] [Worker-Main-4/WARN] [net.minecraft.client.resources.model.ModelBakery/]: Unable to load model: 'fnaf_collectibles:item/legendary_witheredgoldenfreddy_card' referenced from: fnaf_collectibles:item/legendary_witheredgoldenfreddy_card: java.io.FileNotFoundException: fnaf_collectibles:models/item/legendary_witheredgoldenfreddy_card.json
[07Juli2026 17:56:44.108] [Worker-Main-4/WARN] [net.minecraft.client.resources.model.ModelBakery/]: Unable to load model: 'fnaf_collectibles:item/common_funtimefoxy_card' referenced from: fnaf_collectibles:item/common_funtimefoxy_card: java.io.FileNotFoundException: fnaf_collectibles:models/item/common_funtimefoxy_card.json
[07Juli2026 17:56:44.108] [Worker-Main-4/WARN] [net.minecraft.client.resources.model.ModelBakery/]: Unable to load model: 'fnaf_collectibles:item/legendary_phantomfreddy_card' referenced from: fnaf_collectibles:item/legendary_phantomfreddy_card: java.io.FileNotFoundException: fnaf_collectibles:models/item/legendary_phantomfreddy_card.json
[07Juli2026 17:56:44.108] [Worker-Main-4/WARN] [net.minecraft.client.resources.model.ModelBakery/]: Unable to load model: 'fnaf_collectibles:item/legendary_lolbit_card' referenced from: fnaf_collectibles:item/legendary_lolbit_card: java.io.FileNotFoundException: fnaf_collectibles:models/item/legendary_lolbit_card.json
[07Juli2026 17:56:44.108] [Worker-Main-4/WARN] [net.minecraft.client.resources.model.ModelBakery/]: Unable to load model: 'fnaf_collectibles:item/epic_foxy_card' referenced from: fnaf_collectibles:item/epic_foxy_card: java.io.FileNotFoundException: fnaf_collectibles:models/item/epic_foxy_card.json
[07Juli2026 17:56:44.108] [Worker-Main-4/WARN] [net.minecraft.client.resources.model.ModelBakery/]: Unable to load model: 'fnaf_collectibles:item/legendary_puppet_card' referenced from: fnaf_collectibles:item/legendary_puppet_card: java.io.FileNotFoundException: fnaf_collectibles:models/item/legendary_puppet_card.json
[07Juli2026 17:56:44.109] [Worker-Main-4/WARN] [net.minecraft.client.resources.model.ModelBakery/]: Unable to load model: 'fnaf_collectibles:item/common_phantomchica_card' referenced from: fnaf_collectibles:item/common_phantomchica_card: java.io.FileNotFoundException: fnaf_collectibles:models/item/common_phantomchica_card.json
[07Juli2026 17:56:44.109] [Worker-Main-4/WARN] [net.minecraft.client.resources.model.ModelBakery/]: Unable to load model: 'fnaf_collectibles:item/uncommon_toychica_card' referenced from: fnaf_collectibles:item/uncommon_toychica_card: java.io.FileNotFoundException: fnaf_collectibles:models/item/uncommon_toychica_card.json
[07Juli2026 17:56:44.109] [Worker-Main-4/WARN] [net.minecraft.client.resources.model.ModelBakery/]: Unable to load model: 'fnaf_collectibles:item/legendary_phantomchica_card' referenced from: fnaf_collectibles:item/legendary_phantomchica_card: java.io.FileNotFoundException: fnaf_collectibles:models/item/legendary_phantomchica_card.json
[07Juli2026 17:56:44.109] [Worker-Main-4/WARN] [net.minecraft.client.resources.model.ModelBakery/]: Unable to load model: 'fnaf_collectibles:item/common_endo2_card' referenced from: fnaf_collectibles:item/common_endo2_card: java.io.FileNotFoundException: fnaf_collectibles:models/item/common_endo2_card.json
[07Juli2026 17:56:44.109] [Worker-Main-4/WARN] [net.minecraft.client.resources.model.ModelBakery/]: Unable to load model: 'fnaf_collectibles:item/legendary_mangle_card' referenced from: fnaf_collectibles:item/legendary_mangle_card: java.io.FileNotFoundException: fnaf_collectibles:models/item/legendary_mangle_card.json
[07Juli2026 17:56:44.109] [Worker-Main-4/WARN] [net.minecraft.client.resources.model.ModelBakery/]: Unable to load model: 'fnaf_collectibles:item/rare_shadowfreddy_card' referenced from: fnaf_collectibles:item/rare_shadowfreddy_card: java.io.FileNotFoundException: fnaf_collectibles:models/item/rare_shadowfreddy_card.json
[07Juli2026 17:56:44.110] [Worker-Main-4/WARN] [net.minecraft.client.resources.model.ModelBakery/]: Unable to load model: 'fnaf_collectibles:item/rare_phantommangle_card' referenced from: fnaf_collectibles:item/rare_phantommangle_card: java.io.FileNotFoundException: fnaf_collectibles:models/item/rare_phantommangle_card.json
[07Juli2026 17:56:44.110] [Worker-Main-4/WARN] [net.minecraft.client.resources.model.ModelBakery/]: Unable to load model: 'fnaf_collectibles:item/epic_circusbaby_card' referenced from: fnaf_collectibles:item/epic_circusbaby_card: java.io.FileNotFoundException: fnaf_collectibles:models/item/epic_circusbaby_card.json
[07Juli2026 17:56:44.110] [Worker-Main-4/WARN] [net.minecraft.client.resources.model.ModelBakery/]: Unable to load model: 'fnaf_collectibles:item/rare_yenndo_card' referenced from: fnaf_collectibles:item/rare_yenndo_card: java.io.FileNotFoundException: fnaf_collectibles:models/item/rare_yenndo_card.json
[07Juli2026 17:56:44.110] [Worker-Main-4/WARN] [net.minecraft.client.resources.model.ModelBakery/]: Unable to load model: 'fnaf_collectibles:item/legendary_bonbon_card' referenced from: fnaf_collectibles:item/legendary_bonbon_card: java.io.FileNotFoundException: fnaf_collectibles:models/item/legendary_bonbon_card.json
[07Juli2026 17:56:44.110] [Worker-Main-4/WARN] [net.minecraft.client.resources.model.ModelBakery/]: Unable to load model: 'fnaf_collectibles:item/rare_bonnie_card' referenced from: fnaf_collectibles:item/rare_bonnie_card: java.io.FileNotFoundException: fnaf_collectibles:models/item/rare_bonnie_card.json
[07Juli2026 17:56:44.111] [Worker-Main-4/WARN] [net.minecraft.client.resources.model.ModelBakery/]: Unable to load model: 'fnaf_collectibles:item/rare_bidybab_card' referenced from: fnaf_collectibles:item/rare_bidybab_card: java.io.FileNotFoundException: fnaf_collectibles:models/item/rare_bidybab_card.json
[07Juli2026 17:56:44.111] [Worker-Main-4/WARN] [net.minecraft.client.resources.model.ModelBakery/]: Unable to load model: 'fnaf_collectibles:item/epic_funtimefoxy_card' referenced from: fnaf_collectibles:item/epic_funtimefoxy_card: java.io.FileNotFoundException: fnaf_collectibles:models/item/epic_funtimefoxy_card.json
[07Juli2026 17:56:44.111] [Worker-Main-4/WARN] [net.minecraft.client.resources.model.ModelBakery/]: Unable to load model: 'fnaf_collectibles:item/common_jackochica_card' referenced from: fnaf_collectibles:item/common_jackochica_card: java.io.FileNotFoundException: fnaf_collectibles:models/item/common_jackochica_card.json
[07Juli2026 17:56:44.111] [Worker-Main-4/WARN] [net.minecraft.client.resources.model.ModelBakery/]: Unable to load model: 'fnaf_collectibles:item/uncommon_toyfreddy_card' referenced from: fnaf_collectibles:item/uncommon_toyfreddy_card: java.io.FileNotFoundException: fnaf_collectibles:models/item/uncommon_toyfreddy_card.json
[07Juli2026 17:56:44.111] [Worker-Main-4/WARN] [net.minecraft.client.resources.model.ModelBakery/]: Unable to load model: 'fnaf_collectibles:item/rare_minireena_card' referenced from: fnaf_collectibles:item/rare_minireena_card: java.io.FileNotFoundException: fnaf_collectibles:models/item/rare_minireena_card.json
[07Juli2026 17:56:44.112] [Worker-Main-4/WARN] [net.minecraft.client.resources.model.ModelBakery/]: Unable to load model: 'fnaf_collectibles:item/uncommon_toybonnie_card' referenced from: fnaf_collectibles:item/uncommon_toybonnie_card: java.io.FileNotFoundException: fnaf_collectibles:models/item/uncommon_toybonnie_card.json
[07Juli2026 17:56:44.112] [Worker-Main-4/WARN] [net.minecraft.client.resources.model.ModelBakery/]: Unable to load model: 'fnaf_collectibles:item/common_nightmarefredbear_card' referenced from: fnaf_collectibles:item/common_nightmarefredbear_card: java.io.FileNotFoundException: fnaf_collectibles:models/item/common_nightmarefredbear_card.json
[07Juli2026 17:56:44.112] [Worker-Main-4/WARN] [net.minecraft.client.resources.model.ModelBakery/]: Unable to load model: 'fnaf_collectibles:item/legendary_toychica_card' referenced from: fnaf_collectibles:item/legendary_toychica_card: java.io.FileNotFoundException: fnaf_collectibles:models/item/legendary_toychica_card.json
[07Juli2026 17:56:44.112] [Worker-Main-4/WARN] [net.minecraft.client.resources.model.ModelBakery/]: Unable to load model: 'fnaf_collectibles:item/uncommon_jj_card' referenced from: fnaf_collectibles:item/uncommon_jj_card: java.io.FileNotFoundException: fnaf_collectibles:models/item/uncommon_jj_card.json
[07Juli2026 17:56:44.112] [Worker-Main-4/WARN] [net.minecraft.client.resources.model.ModelBakery/]: Unable to load model: 'fnaf_collectibles:item/common_plushtrap_card' referenced from: fnaf_collectibles:item/common_plushtrap_card: java.io.FileNotFoundException: fnaf_collectibles:models/item/common_plushtrap_card.json
[07Juli2026 17:56:44.112] [Worker-Main-4/WARN] [net.minecraft.client.resources.model.ModelBakery/]: Unable to load model: 'fnaf_collectibles:item/rare_springtrap_card' referenced from: fnaf_collectibles:item/rare_springtrap_card: java.io.FileNotFoundException: fnaf_collectibles:models/item/rare_springtrap_card.json
[07Juli2026 17:56:44.112] [Worker-Main-4/WARN] [net.minecraft.client.resources.model.ModelBakery/]: Unable to load model: 'fnaf_collectibles:item/legendary_foxy_card' referenced from: fnaf_collectibles:item/legendary_foxy_card: java.io.FileNotFoundException: fnaf_collectibles:models/item/legendary_foxy_card.json
[07Juli2026 17:56:44.113] [Worker-Main-4/WARN] [net.minecraft.client.resources.model.ModelBakery/]: Unable to load model: 'fnaf_collectibles:item/common_freddy_card' referenced from: fnaf_collectibles:item/common_freddy_card: java.io.FileNotFoundException: fnaf_collectibles:models/item/common_freddy_card.json
[07Juli2026 17:56:44.113] [Worker-Main-4/WARN] [net.minecraft.client.resources.model.ModelBakery/]: Unable to load model: 'fnaf_collectibles:item/rare_foxy_card' referenced from: fnaf_collectibles:item/rare_foxy_card: java.io.FileNotFoundException: fnaf_collectibles:models/item/rare_foxy_card.json
[07Juli2026 17:56:45.562] [Render thread/WARN] [net.minecraft.client.sounds.SoundEngine/]: Missing sound for event: minecraft:item.goat_horn.play
[07Juli2026 17:56:45.562] [Render thread/WARN] [net.minecraft.client.sounds.SoundEngine/]: Missing sound for event: minecraft:entity.goat.screaming.horn_break
[07Juli2026 17:56:45.779] [Render thread/INFO] [com.mojang.blaze3d.audio.Library/]: OpenAL initialized on device OpenAL Soft on Realtek HD Audio 2nd output (2- Realtek(R) Audio)
[07Juli2026 17:56:45.780] [Render thread/INFO] [net.minecraft.client.sounds.SoundEngine/SOUNDS]: Sound engine started
[07Juli2026 17:56:45.956] [Render thread/INFO] [net.minecraft.client.renderer.texture.TextureAtlas/]: Created: 2048x1024x4 minecraft:textures/atlas/blocks.png-atlas
[07Juli2026 17:56:45.973] [Render thread/INFO] [net.minecraft.client.renderer.texture.TextureAtlas/]: Created: 256x256x4 minecraft:textures/atlas/signs.png-atlas
[07Juli2026 17:56:45.973] [Render thread/INFO] [net.minecraft.client.renderer.texture.TextureAtlas/]: Created: 512x512x4 minecraft:textures/atlas/shield_patterns.png-atlas
[07Juli2026 17:56:45.974] [Render thread/INFO] [net.minecraft.client.renderer.texture.TextureAtlas/]: Created: 512x512x4 minecraft:textures/atlas/banner_patterns.png-atlas
[07Juli2026 17:56:45.975] [Render thread/INFO] [net.minecraft.client.renderer.texture.TextureAtlas/]: Created: 1024x1024x4 minecraft:textures/atlas/armor_trims.png-atlas
[07Juli2026 17:56:45.980] [Render thread/INFO] [net.minecraft.client.renderer.texture.TextureAtlas/]: Created: 256x256x4 minecraft:textures/atlas/chest.png-atlas
[07Juli2026 17:56:45.981] [Render thread/INFO] [net.minecraft.client.renderer.texture.TextureAtlas/]: Created: 128x64x4 minecraft:textures/atlas/decorated_pot.png-atlas
[07Juli2026 17:56:45.981] [Render thread/INFO] [net.minecraft.client.renderer.texture.TextureAtlas/]: Created: 512x256x4 minecraft:textures/atlas/beds.png-atlas
[07Juli2026 17:56:45.982] [Render thread/INFO] [net.minecraft.client.renderer.texture.TextureAtlas/]: Created: 512x256x4 minecraft:textures/atlas/shulker_boxes.png-atlas
[07Juli2026 17:56:46.403] [Render thread/INFO] [net.minecraft.client.renderer.texture.TextureAtlas/]: Created: 512x256x0 minecraft:textures/atlas/particles.png-atlas
[07Juli2026 17:56:46.404] [Render thread/INFO] [net.minecraft.client.renderer.texture.TextureAtlas/]: Created: 512x256x0 minecraft:textures/atlas/paintings.png-atlas
[07Juli2026 17:56:46.405] [Render thread/INFO] [net.minecraft.client.renderer.texture.TextureAtlas/]: Created: 256x128x0 minecraft:textures/atlas/mob_effects.png-atlas
[07Juli2026 17:56:46.406] [Render thread/INFO] [net.minecraft.client.renderer.texture.TextureAtlas/]: Created: 64x64x0 minecraft:textures/atlas/map_decorations.png-atlas
[07Juli2026 17:56:46.407] [Render thread/INFO] [net.minecraft.client.renderer.texture.TextureAtlas/]: Created: 1024x512x0 minecraft:textures/atlas/gui.png-atlas
[07Juli2026 17:56:46.474] [Render thread/WARN] [net.minecraft.client.renderer.ShaderInstance/]: Shader rendertype_entity_translucent_emissive could not find sampler named Sampler2 in the specified shader program.
[07Juli2026 17:56:46.601] [Render thread/INFO] [net.neoforged.neoforge.client.entity.animation.json.AnimationLoader/]: Loaded 0 entity animations
[07Juli2026 17:57:07.945] [Render thread/INFO] [net.minecraft.world.item.crafting.RecipeManager/]: Loaded 1290 recipes
[07Juli2026 17:57:08.152] [Render thread/INFO] [net.minecraft.advancements.AdvancementTree/]: Loaded 1399 advancements
[07Juli2026 17:57:10.944] [Render thread/DEBUG] [net.neoforged.neoforge.common.CommonHooks/WP]: Gathered mod list to write to world save New World
[07Juli2026 17:57:11.013] [Server thread/INFO] [net.minecraft.client.server.IntegratedServer/]: Starting integrated minecraft server version 1.21.1
[07Juli2026 17:57:11.013] [Server thread/INFO] [net.minecraft.server.MinecraftServer/]: Generating keypair
[07Juli2026 17:57:11.060] [Server thread/DEBUG] [net.neoforged.fml.config.ConfigTracker/CONFIG]: Loading configs type SERVER
[07Juli2026 17:57:11.071] [Server thread/DEBUG] [net.neoforged.neoforge.common.NeoForgeConfig/FORGEMOD]: Loaded NeoForge config file neoforge-server.toml
[07Juli2026 17:57:11.071] [Server thread/DEBUG] [net.neoforged.fml.config.ConfigTracker/CONFIG]: Loaded TOML config file D:\GitHub\FNaFCollectibleCards\Fnaf Collectibles1.21.1\run\config\neoforge-server.toml
[07Juli2026 17:57:11.071] [Server thread/DEBUG] [net.neoforged.fml.config.ConfigTracker/CONFIG]: Watching TOML config file D:\GitHub\FNaFCollectibleCards\Fnaf Collectibles1.21.1\run\config\neoforge-server.toml for changes
[07Juli2026 17:57:15.309] [Server thread/INFO] [net.minecraft.server.MinecraftServer/]: Preparing start region for dimension minecraft:overworld
[07Juli2026 17:57:15.351] [progressListener/INFO] [net.minecraft.server.level.progress.LoggerChunkProgressListener/]: Preparing spawn area: 2%
[07Juli2026 17:57:16.009] [progressListener/INFO] [net.minecraft.server.level.progress.LoggerChunkProgressListener/]: Preparing spawn area: 2%
[07Juli2026 17:57:16.338] [progressListener/INFO] [net.minecraft.server.level.progress.LoggerChunkProgressListener/]: Preparing spawn area: 2%
[07Juli2026 17:57:16.817] [progressListener/INFO] [net.minecraft.server.level.progress.LoggerChunkProgressListener/]: Preparing spawn area: 2%
[07Juli2026 17:57:17.350] [progressListener/INFO] [net.minecraft.server.level.progress.LoggerChunkProgressListener/]: Preparing spawn area: 18%
[07Juli2026 17:57:17.820] [progressListener/INFO] [net.minecraft.server.level.progress.LoggerChunkProgressListener/]: Preparing spawn area: 18%
[07Juli2026 17:57:18.395] [progressListener/INFO] [net.minecraft.server.level.progress.LoggerChunkProgressListener/]: Preparing spawn area: 51%
[07Juli2026 17:57:18.818] [progressListener/INFO] [net.minecraft.server.level.progress.LoggerChunkProgressListener/]: Preparing spawn area: 51%
[07Juli2026 17:57:19.411] [progressListener/INFO] [net.minecraft.server.level.progress.LoggerChunkProgressListener/]: Preparing spawn area: 51%
[07Juli2026 17:57:19.822] [progressListener/INFO] [net.minecraft.server.level.progress.LoggerChunkProgressListener/]: Preparing spawn area: 51%
[07Juli2026 17:57:20.067] [Server thread/INFO] [net.neoforged.neoforge.server.permission.PermissionAPI/]: Successfully initialized permission handler neoforge:default_handler
[07Juli2026 17:57:20.076] [progressListener/INFO] [net.minecraft.server.level.progress.LoggerChunkProgressListener/]: Time elapsed: 4760 ms
[07Juli2026 17:57:20.096] [Server thread/INFO] [net.minecraft.client.server.IntegratedServer/]: Changing view distance to 2, from 10
[07Juli2026 17:57:20.097] [Server thread/INFO] [net.minecraft.client.server.IntegratedServer/]: Changing simulation distance to 5, from 0
[07Juli2026 17:57:20.140] [Render thread/DEBUG] [io.netty.channel.MultithreadEventLoopGroup/]: -Dio.netty.eventLoopThreads: 12
[07Juli2026 17:57:20.156] [Render thread/DEBUG] [io.netty.util.concurrent.GlobalEventExecutor/]: -Dio.netty.globalEventExecutor.quietPeriodSeconds: 1
[07Juli2026 17:57:20.169] [Render thread/DEBUG] [io.netty.channel.nio.NioEventLoop/]: -Dio.netty.noKeySetOptimization: false
[07Juli2026 17:57:20.169] [Render thread/DEBUG] [io.netty.channel.nio.NioEventLoop/]: -Dio.netty.selectorAutoRebuildThreshold: 512
[07Juli2026 17:57:20.178] [Render thread/DEBUG] [io.netty.util.internal.PlatformDependent/]: org.jctools-core.MpscChunkedArrayQueue: available
[07Juli2026 17:57:20.206] [Render thread/DEBUG] [io.netty.channel.DefaultChannelId/]: -Dio.netty.processId: 1296 (auto-detected)
[07Juli2026 17:57:20.210] [Render thread/DEBUG] [io.netty.util.NetUtil/]: -Djava.net.preferIPv4Stack: false
[07Juli2026 17:57:20.210] [Render thread/DEBUG] [io.netty.util.NetUtil/]: -Djava.net.preferIPv6Addresses: system
[07Juli2026 17:57:20.214] [Render thread/DEBUG] [io.netty.util.NetUtilInitializations/]: Loopback interface: loopback_0 (Software Loopback Interface 1, 0:0:0:0:0:0:0:1)
[07Juli2026 17:57:20.217] [Render thread/DEBUG] [io.netty.util.NetUtil/]: Failed to get SOMAXCONN from sysctl and file \proc\sys\net\core\somaxconn. Default: 200
[07Juli2026 17:57:20.218] [Render thread/DEBUG] [io.netty.channel.DefaultChannelId/]: -Dio.netty.machineId: b4:2e:99:ff:fe:c9:ac:99 (auto-detected)
[07Juli2026 17:57:20.311] [Render thread/DEBUG] [io.netty.util.Recycler/]: -Dio.netty.recycler.maxCapacityPerThread: 4096
[07Juli2026 17:57:20.311] [Render thread/DEBUG] [io.netty.util.Recycler/]: -Dio.netty.recycler.ratio: 8
[07Juli2026 17:57:20.311] [Render thread/DEBUG] [io.netty.util.Recycler/]: -Dio.netty.recycler.chunkSize: 32
[07Juli2026 17:57:20.311] [Render thread/DEBUG] [io.netty.util.Recycler/]: -Dio.netty.recycler.blocking: false
[07Juli2026 17:57:20.311] [Render thread/DEBUG] [io.netty.util.Recycler/]: -Dio.netty.recycler.batchFastThreadLocalOnly: true
[07Juli2026 17:57:20.636] [Netty Server IO #1/DEBUG] [net.neoforged.neoforge.network.filters.NetworkFilters/]: Injected net.neoforged.neoforge.network.filters.GenericPacketSplitter@37a3c720 into net.minecraft.network.Connection@636cfb3c
[07Juli2026 17:57:20.648] [Netty Local Client IO #0/DEBUG] [net.neoforged.neoforge.network.filters.NetworkFilters/]: Injected net.neoforged.neoforge.network.filters.GenericPacketSplitter@57efe85c into net.minecraft.network.Connection@397ab826
[07Juli2026 17:57:20.974] [Netty Server IO #1/DEBUG] [net.neoforged.neoforge.network.filters.NetworkFilters/]: Injected net.neoforged.neoforge.network.filters.GenericPacketSplitter@4bb080ad into net.minecraft.network.Connection@636cfb3c
[07Juli2026 17:57:21.046] [Server thread/INFO] [net.minecraft.server.players.PlayerList/]: Dev[local:E:9abfda57] logged in with entity id 15 at (23.5, 66.0, 83.5)
[07Juli2026 17:57:21.105] [Server thread/INFO] [net.minecraft.server.MinecraftServer/]: Dev joined the game
[07Juli2026 17:57:21.249] [Render thread/INFO] [net.minecraft.advancements.AdvancementTree/]: Loaded 2 advancements
[07Juli2026 17:57:21.520] [Server thread/INFO] [net.minecraft.client.server.IntegratedServer/]: Saving and pausing game...
[07Juli2026 17:57:22.029] [Server thread/INFO] [net.minecraft.server.MinecraftServer/]: Saving chunks for level 'ServerLevel[New World]'/minecraft:overworld
[07Juli2026 17:57:22.049] [Server thread/INFO] [net.minecraft.server.MinecraftServer/]: Saving chunks for level 'ServerLevel[New World]'/minecraft:the_nether
[07Juli2026 17:57:22.050] [Server thread/INFO] [net.minecraft.server.MinecraftServer/]: Saving chunks for level 'ServerLevel[New World]'/minecraft:the_end
[07Juli2026 17:57:22.052] [Server thread/DEBUG] [net.neoforged.neoforge.common.CommonHooks/WP]: Gathered mod list to write to world save New World
[07Juli2026 17:58:09.176] [Render thread/INFO] [net.minecraft.client.gui.components.ChatComponent/]: [System] [CHAT] [Debug]: Advanced tooltips: shown
[07Juli2026 17:59:14.870] [Server thread/INFO] [net.minecraft.client.server.IntegratedServer/]: Saving and pausing game...
[07Juli2026 17:59:14.892] [Server thread/INFO] [net.minecraft.server.MinecraftServer/]: Saving chunks for level 'ServerLevel[New World]'/minecraft:overworld
[07Juli2026 17:59:14.900] [Server thread/INFO] [net.minecraft.server.MinecraftServer/]: Saving chunks for level 'ServerLevel[New World]'/minecraft:the_nether
[07Juli2026 17:59:14.900] [Server thread/INFO] [net.minecraft.server.MinecraftServer/]: Saving chunks for level 'ServerLevel[New World]'/minecraft:the_end
[07Juli2026 17:59:14.901] [Server thread/DEBUG] [net.neoforged.neoforge.common.CommonHooks/WP]: Gathered mod list to write to world save New World
[07Juli2026 17:59:30.880] [Render thread/INFO] [net.minecraft.client.gui.components.ChatComponent/]: [System] [CHAT] [Debug]: Reloaded resource packs
[07Juli2026 17:59:30.886] [Render thread/INFO] [net.minecraft.server.packs.resources.ReloadableResourceManager/]: Reloading ResourceManager: vanilla, mod_resources, mod/fnaf_collectibles, mod/neoforge
[07Juli2026 17:59:30.891] [Worker-Main-5/INFO] [net.minecraft.client.gui.font.providers.UnihexProvider/]: Found unifont_all_no_pua-15.1.05.hex, loading
[07Juli2026 17:59:30.921] [Server thread/INFO] [net.minecraft.client.server.IntegratedServer/]: Saving and pausing game...
[07Juli2026 17:59:30.975] [Server thread/INFO] [net.minecraft.server.MinecraftServer/]: Saving chunks for level 'ServerLevel[New World]'/minecraft:overworld
[07Juli2026 17:59:30.980] [Server thread/INFO] [net.minecraft.server.MinecraftServer/]: Saving chunks for level 'ServerLevel[New World]'/minecraft:the_nether
[07Juli2026 17:59:30.980] [Server thread/INFO] [net.minecraft.server.MinecraftServer/]: Saving chunks for level 'ServerLevel[New World]'/minecraft:the_end
[07Juli2026 17:59:30.980] [Server thread/DEBUG] [net.neoforged.neoforge.common.CommonHooks/WP]: Gathered mod list to write to world save New World
[07Juli2026 17:59:31.266] [Worker-Main-1/INFO] [net.minecraft.client.gui.font.providers.UnihexProvider/]: Found unifont_jp_patch-15.1.05.hex, loading
[07Juli2026 17:59:31.628] [Worker-Main-4/WARN] [net.minecraft.client.resources.model.ModelBakery/]: Unable to load model: 'fnaf_collectibles:item/common_toybonnie_card' referenced from: fnaf_collectibles:item/common_toybonnie_card: java.io.FileNotFoundException: fnaf_collectibles:models/item/common_toybonnie_card.json
[07Juli2026 17:59:31.628] [Worker-Main-4/WARN] [net.minecraft.client.resources.model.ModelBakery/]: Unable to load model: 'fnaf_collectibles:item/epic_funtimefreddy_card' referenced from: fnaf_collectibles:item/epic_funtimefreddy_card: java.io.FileNotFoundException: fnaf_collectibles:models/item/epic_funtimefreddy_card.json
[07Juli2026 17:59:31.629] [Worker-Main-4/WARN] [net.minecraft.client.resources.model.ModelBakery/]: Unable to load model: 'fnaf_collectibles:item/rare_jackochica_card' referenced from: fnaf_collectibles:item/rare_jackochica_card: java.io.FileNotFoundException: fnaf_collectibles:models/item/rare_jackochica_card.json
[07Juli2026 17:59:31.629] [Worker-Main-4/WARN] [net.minecraft.client.resources.model.ModelBakery/]: Unable to load model: 'fnaf_collectibles:item/common_yenndo_card' referenced from: fnaf_collectibles:item/common_yenndo_card: java.io.FileNotFoundException: fnaf_collectibles:models/item/common_yenndo_card.json
[07Juli2026 17:59:31.629] [Worker-Main-4/WARN] [net.minecraft.client.resources.model.ModelBakery/]: Unable to load model: 'fnaf_collectibles:item/common_nightmarechica_card' referenced from: fnaf_collectibles:item/common_nightmarechica_card: java.io.FileNotFoundException: fnaf_collectibles:models/item/common_nightmarechica_card.json
[07Juli2026 17:59:31.629] [Worker-Main-4/WARN] [net.minecraft.client.resources.model.ModelBakery/]: Unable to load model: 'fnaf_collectibles:item/uncommon_freddy_card' referenced from: fnaf_collectibles:item/uncommon_freddy_card: java.io.FileNotFoundException: fnaf_collectibles:models/item/uncommon_freddy_card.json
[07Juli2026 17:59:31.629] [Worker-Main-4/WARN] [net.minecraft.client.resources.model.ModelBakery/]: Unable to load model: 'fnaf_collectibles:item/common_foxy_card' referenced from: fnaf_collectibles:item/common_foxy_card: java.io.FileNotFoundException: fnaf_collectibles:models/item/common_foxy_card.json
[07Juli2026 17:59:31.629] [Worker-Main-4/WARN] [net.minecraft.client.resources.model.ModelBakery/]: Unable to load model: 'fnaf_collectibles:item/uncommon_nightmarechica_card' referenced from: fnaf_collectibles:item/uncommon_nightmarechica_card: java.io.FileNotFoundException: fnaf_collectibles:models/item/uncommon_nightmarechica_card.json
[07Juli2026 17:59:31.630] [Worker-Main-4/WARN] [net.minecraft.client.resources.model.ModelBakery/]: Unable to load model: 'fnaf_collectibles:item/uncommon_witheredbonnie_card' referenced from: fnaf_collectibles:item/uncommon_witheredbonnie_card: java.io.FileNotFoundException: fnaf_collectibles:models/item/uncommon_witheredbonnie_card.json
[07Juli2026 17:59:31.630] [Worker-Main-4/WARN] [net.minecraft.client.resources.model.ModelBakery/]: Unable to load model: 'fnaf_collectibles:item/epic_witheredfoxy_card' referenced from: fnaf_collectibles:item/epic_witheredfoxy_card: java.io.FileNotFoundException: fnaf_collectibles:models/item/epic_witheredfoxy_card.json
[07Juli2026 17:59:31.630] [Worker-Main-4/WARN] [net.minecraft.client.resources.model.ModelBakery/]: Unable to load model: 'fnaf_collectibles:item/common_witheredfoxy_card' referenced from: fnaf_collectibles:item/common_witheredfoxy_card: java.io.FileNotFoundException: fnaf_collectibles:models/item/common_witheredfoxy_card.json
[07Juli2026 17:59:31.630] [Worker-Main-4/WARN] [net.minecraft.client.resources.model.ModelBakery/]: Unable to load model: 'fnaf_collectibles:item/epic_nightmarefoxy_card' referenced from: fnaf_collectibles:item/epic_nightmarefoxy_card: java.io.FileNotFoundException: fnaf_collectibles:models/item/epic_nightmarefoxy_card.json
[07Juli2026 17:59:31.630] [Worker-Main-4/WARN] [net.minecraft.client.resources.model.ModelBakery/]: Unable to load model: 'fnaf_collectibles:item/epic_nightmarebonnie_card' referenced from: fnaf_collectibles:item/epic_nightmarebonnie_card: java.io.FileNotFoundException: fnaf_collectibles:models/item/epic_nightmarebonnie_card.json
[07Juli2026 17:59:31.631] [Worker-Main-4/WARN] [net.minecraft.client.resources.model.ModelBakery/]: Unable to load model: 'fnaf_collectibles:item/uncommon_nightmarebonnie_card' referenced from: fnaf_collectibles:item/uncommon_nightmarebonnie_card: java.io.FileNotFoundException: fnaf_collectibles:models/item/uncommon_nightmarebonnie_card.json
[07Juli2026 17:59:31.631] [Worker-Main-4/WARN] [net.minecraft.client.resources.model.ModelBakery/]: Unable to load model: 'fnaf_collectibles:item/epic_lolbit_card' referenced from: fnaf_collectibles:item/epic_lolbit_card: java.io.FileNotFoundException: fnaf_collectibles:models/item/epic_lolbit_card.json
[07Juli2026 17:59:31.631] [Worker-Main-4/WARN] [net.minecraft.client.resources.model.ModelBakery/]: Unable to load model: 'fnaf_collectibles:item/uncommon_nightmare_card' referenced from: fnaf_collectibles:item/uncommon_nightmare_card: java.io.FileNotFoundException: fnaf_collectibles:models/item/uncommon_nightmare_card.json
[07Juli2026 17:59:31.631] [Worker-Main-4/WARN] [net.minecraft.client.resources.model.ModelBakery/]: Unable to load model: 'fnaf_collectibles:item/epic_nightmareballoonboy_card' referenced from: fnaf_collectibles:item/epic_nightmareballoonboy_card: java.io.FileNotFoundException: fnaf_collectibles:models/item/epic_nightmareballoonboy_card.json
[07Juli2026 17:59:31.631] [Worker-Main-4/WARN] [net.minecraft.client.resources.model.ModelBakery/]: Unable to load model: 'fnaf_collectibles:item/legendary_yenndo_card' referenced from: fnaf_collectibles:item/legendary_yenndo_card: java.io.FileNotFoundException: fnaf_collectibles:models/item/legendary_yenndo_card.json
[07Juli2026 17:59:31.632] [Worker-Main-4/WARN] [net.minecraft.client.resources.model.ModelBakery/]: Unable to load model: 'fnaf_collectibles:item/epic_toyfreddy_card' referenced from: fnaf_collectibles:item/epic_toyfreddy_card: java.io.FileNotFoundException: fnaf_collectibles:models/item/epic_toyfreddy_card.json
[07Juli2026 17:59:31.632] [Worker-Main-4/WARN] [net.minecraft.client.resources.model.ModelBakery/]: Unable to load model: 'fnaf_collectibles:item/uncommon_chica_card' referenced from: fnaf_collectibles:item/uncommon_chica_card: java.io.FileNotFoundException: fnaf_collectibles:models/item/uncommon_chica_card.json
[07Juli2026 17:59:31.632] [Worker-Main-4/WARN] [net.minecraft.client.resources.model.ModelBakery/]: Unable to load model: 'fnaf_collectibles:item/epic_jj_card' referenced from: fnaf_collectibles:item/epic_jj_card: java.io.FileNotFoundException: fnaf_collectibles:models/item/epic_jj_card.json
[07Juli2026 17:59:31.632] [Worker-Main-4/WARN] [net.minecraft.client.resources.model.ModelBakery/]: Unable to load model: 'fnaf_collectibles:item/uncommon_bidybab_card' referenced from: fnaf_collectibles:item/uncommon_bidybab_card: java.io.FileNotFoundException: fnaf_collectibles:models/item/uncommon_bidybab_card.json
[07Juli2026 17:59:31.632] [Worker-Main-4/WARN] [net.minecraft.client.resources.model.ModelBakery/]: Unable to load model: 'fnaf_collectibles:item/uncommon_mangle_card' referenced from: fnaf_collectibles:item/uncommon_mangle_card: java.io.FileNotFoundException: fnaf_collectibles:models/item/uncommon_mangle_card.json
[07Juli2026 17:59:31.633] [Worker-Main-4/WARN] [net.minecraft.client.resources.model.ModelBakery/]: Unable to load model: 'fnaf_collectibles:item/common_witheredchica_card' referenced from: fnaf_collectibles:item/common_witheredchica_card: java.io.FileNotFoundException: fnaf_collectibles:models/item/common_witheredchica_card.json
[07Juli2026 17:59:31.633] [Worker-Main-4/WARN] [net.minecraft.client.resources.model.ModelBakery/]: Unable to load model: 'fnaf_collectibles:item/legendary_funtimefoxy_card' referenced from: fnaf_collectibles:item/legendary_funtimefoxy_card: java.io.FileNotFoundException: fnaf_collectibles:models/item/legendary_funtimefoxy_card.json
[07Juli2026 17:59:31.633] [Worker-Main-4/WARN] [net.minecraft.client.resources.model.ModelBakery/]: Unable to load model: 'fnaf_collectibles:item/uncommon_endo1_card' referenced from: fnaf_collectibles:item/uncommon_endo1_card: java.io.FileNotFoundException: fnaf_collectibles:models/item/uncommon_endo1_card.json
[07Juli2026 17:59:31.633] [Worker-Main-4/WARN] [net.minecraft.client.resources.model.ModelBakery/]: Unable to load model: 'fnaf_collectibles:item/rare_funtimefoxy_card' referenced from: fnaf_collectibles:item/rare_funtimefoxy_card: java.io.FileNotFoundException: fnaf_collectibles:models/item/rare_funtimefoxy_card.json
[07Juli2026 17:59:31.633] [Worker-Main-4/WARN] [net.minecraft.client.resources.model.ModelBakery/]: Unable to load model: 'fnaf_collectibles:item/uncommon_nightmareballoonboy_card' referenced from: fnaf_collectibles:item/uncommon_nightmareballoonboy_card: java.io.FileNotFoundException: fnaf_collectibles:models/item/uncommon_nightmareballoonboy_card.json
[07Juli2026 17:59:31.633] [Worker-Main-4/WARN] [net.minecraft.client.resources.model.ModelBakery/]: Unable to load model: 'fnaf_collectibles:item/common_endo1_card' referenced from: fnaf_collectibles:item/common_endo1_card: java.io.FileNotFoundException: fnaf_collectibles:models/item/common_endo1_card.json
[07Juli2026 17:59:31.633] [Worker-Main-4/WARN] [net.minecraft.client.resources.model.ModelBakery/]: Unable to load model: 'fnaf_collectibles:item/legendary_witheredfoxy_card' referenced from: fnaf_collectibles:item/legendary_witheredfoxy_card: java.io.FileNotFoundException: fnaf_collectibles:models/item/legendary_witheredfoxy_card.json
[07Juli2026 17:59:31.633] [Worker-Main-4/WARN] [net.minecraft.client.resources.model.ModelBakery/]: Unable to load model: 'fnaf_collectibles:item/rare_witheredgoldenfreddy_card' referenced from: fnaf_collectibles:item/rare_witheredgoldenfreddy_card: java.io.FileNotFoundException: fnaf_collectibles:models/item/rare_witheredgoldenfreddy_card.json
[07Juli2026 17:59:31.633] [Worker-Main-4/WARN] [net.minecraft.client.resources.model.ModelBakery/]: Unable to load model: 'fnaf_collectibles:item/uncommon_funtimefoxy_card' referenced from: fnaf_collectibles:item/uncommon_funtimefoxy_card: java.io.FileNotFoundException: fnaf_collectibles:models/item/uncommon_funtimefoxy_card.json
[07Juli2026 17:59:31.634] [Worker-Main-4/WARN] [net.minecraft.client.resources.model.ModelBakery/]: Unable to load model: 'fnaf_collectibles:item/epic_bonnie_card' referenced from: fnaf_collectibles:item/epic_bonnie_card: java.io.FileNotFoundException: fnaf_collectibles:models/item/epic_bonnie_card.json
[07Juli2026 17:59:31.634] [Worker-Main-4/WARN] [net.minecraft.client.resources.model.ModelBakery/]: Unable to load model: 'fnaf_collectibles:item/legendary_jackobonnie_card' referenced from: fnaf_collectibles:item/legendary_jackobonnie_card: java.io.FileNotFoundException: fnaf_collectibles:models/item/legendary_jackobonnie_card.json
[07Juli2026 17:59:31.634] [Worker-Main-4/WARN] [net.minecraft.client.resources.model.ModelBakery/]: Unable to load model: 'fnaf_collectibles:item/uncommon_witheredfoxy_card' referenced from: fnaf_collectibles:item/uncommon_witheredfoxy_card: java.io.FileNotFoundException: fnaf_collectibles:models/item/uncommon_witheredfoxy_card.json
[07Juli2026 17:59:31.634] [Worker-Main-4/WARN] [net.minecraft.client.resources.model.ModelBakery/]: Unable to load model: 'fnaf_collectibles:item/common_chica_card' referenced from: fnaf_collectibles:item/common_chica_card: java.io.FileNotFoundException: fnaf_collectibles:models/item/common_chica_card.json
[07Juli2026 17:59:31.634] [Worker-Main-4/WARN] [net.minecraft.client.resources.model.ModelBakery/]: Unable to load model: 'fnaf_collectibles:item/common_jj_card' referenced from: fnaf_collectibles:item/common_jj_card: java.io.FileNotFoundException: fnaf_collectibles:models/item/common_jj_card.json
[07Juli2026 17:59:31.634] [Worker-Main-4/WARN] [net.minecraft.client.resources.model.ModelBakery/]: Unable to load model: 'fnaf_collectibles:item/uncommon_witheredchica_card' referenced from: fnaf_collectibles:item/uncommon_witheredchica_card: java.io.FileNotFoundException: fnaf_collectibles:models/item/uncommon_witheredchica_card.json
[07Juli2026 17:59:31.634] [Worker-Main-4/WARN] [net.minecraft.client.resources.model.ModelBakery/]: Unable to load model: 'fnaf_collectibles:item/common_minireena_card' referenced from: fnaf_collectibles:item/common_minireena_card: java.io.FileNotFoundException: fnaf_collectibles:models/item/common_minireena_card.json
[07Juli2026 17:59:31.635] [Worker-Main-4/WARN] [net.minecraft.client.resources.model.ModelBakery/]: Unable to load model: 'fnaf_collectibles:item/epic_shadowfreddy_card' referenced from: fnaf_collectibles:item/epic_shadowfreddy_card: java.io.FileNotFoundException: fnaf_collectibles:models/item/epic_shadowfreddy_card.json
[07Juli2026 17:59:31.635] [Worker-Main-4/WARN] [net.minecraft.client.resources.model.ModelBakery/]: Unable to load model: 'fnaf_collectibles:item/epic_phantompuppet_card' referenced from: fnaf_collectibles:item/epic_phantompuppet_card: java.io.FileNotFoundException: fnaf_collectibles:models/item/epic_phantompuppet_card.json
[07Juli2026 17:59:31.635] [Worker-Main-4/WARN] [net.minecraft.client.resources.model.ModelBakery/]: Unable to load model: 'fnaf_collectibles:item/epic_yenndo_card' referenced from: fnaf_collectibles:item/epic_yenndo_card: java.io.FileNotFoundException: fnaf_collectibles:models/item/epic_yenndo_card.json
[07Juli2026 17:59:31.635] [Worker-Main-4/WARN] [net.minecraft.client.resources.model.ModelBakery/]: Unable to load model: 'fnaf_collectibles:item/epic_chica_card' referenced from: fnaf_collectibles:item/epic_chica_card: java.io.FileNotFoundException: fnaf_collectibles:models/item/epic_chica_card.json
[07Juli2026 17:59:31.635] [Worker-Main-4/WARN] [net.minecraft.client.resources.model.ModelBakery/]: Unable to load model: 'fnaf_collectibles:item/rare_nightmare_card' referenced from: fnaf_collectibles:item/rare_nightmare_card: java.io.FileNotFoundException: fnaf_collectibles:models/item/rare_nightmare_card.json
[07Juli2026 17:59:31.635] [Worker-Main-4/WARN] [net.minecraft.client.resources.model.ModelBakery/]: Unable to load model: 'fnaf_collectibles:item/rare_endo1_card' referenced from: fnaf_collectibles:item/rare_endo1_card: java.io.FileNotFoundException: fnaf_collectibles:models/item/rare_endo1_card.json
[07Juli2026 17:59:31.635] [Worker-Main-4/WARN] [net.minecraft.client.resources.model.ModelBakery/]: Unable to load model: 'fnaf_collectibles:item/epic_phantomfoxy_card' referenced from: fnaf_collectibles:item/epic_phantomfoxy_card: java.io.FileNotFoundException: fnaf_collectibles:models/item/epic_phantomfoxy_card.json
[07Juli2026 17:59:31.636] [Worker-Main-4/WARN] [net.minecraft.client.resources.model.ModelBakery/]: Unable to load model: 'fnaf_collectibles:item/uncommon_ballora_card' referenced from: fnaf_collectibles:item/uncommon_ballora_card: java.io.FileNotFoundException: fnaf_collectibles:models/item/uncommon_ballora_card.json
[07Juli2026 17:59:31.636] [Worker-Main-4/WARN] [net.minecraft.client.resources.model.ModelBakery/]: Unable to load model: 'fnaf_collectibles:item/uncommon_nightmarefoxy_card' referenced from: fnaf_collectibles:item/uncommon_nightmarefoxy_card: java.io.FileNotFoundException: fnaf_collectibles:models/item/uncommon_nightmarefoxy_card.json
[07Juli2026 17:59:31.636] [Worker-Main-4/WARN] [net.minecraft.client.resources.model.ModelBakery/]: Unable to load model: 'fnaf_collectibles:item/common_nightmarepuppet_card' referenced from: fnaf_collectibles:item/common_nightmarepuppet_card: java.io.FileNotFoundException: fnaf_collectibles:models/item/common_nightmarepuppet_card.json
[07Juli2026 17:59:31.636] [Worker-Main-4/WARN] [net.minecraft.client.resources.model.ModelBakery/]: Unable to load model: 'fnaf_collectibles:item/legendary_nightmarepuppet_card' referenced from: fnaf_collectibles:item/legendary_nightmarepuppet_card: java.io.FileNotFoundException: fnaf_collectibles:models/item/legendary_nightmarepuppet_card.json
[07Juli2026 17:59:31.636] [Worker-Main-4/WARN] [net.minecraft.client.resources.model.ModelBakery/]: Unable to load model: 'fnaf_collectibles:item/rare_witheredfoxy_card' referenced from: fnaf_collectibles:item/rare_witheredfoxy_card: java.io.FileNotFoundException: fnaf_collectibles:models/item/rare_witheredfoxy_card.json
[07Juli2026 17:59:31.636] [Worker-Main-4/WARN] [net.minecraft.client.resources.model.ModelBakery/]: Unable to load model: 'fnaf_collectibles:item/rare_toychica_card' referenced from: fnaf_collectibles:item/rare_toychica_card: java.io.FileNotFoundException: fnaf_collectibles:models/item/rare_toychica_card.json
[07Juli2026 17:59:31.636] [Worker-Main-4/WARN] [net.minecraft.client.resources.model.ModelBakery/]: Unable to load model: 'fnaf_collectibles:item/epic_witheredgoldenfreddy_card' referenced from: fnaf_collectibles:item/epic_witheredgoldenfreddy_card: java.io.FileNotFoundException: fnaf_collectibles:models/item/epic_witheredgoldenfreddy_card.json
[07Juli2026 17:59:31.636] [Worker-Main-4/WARN] [net.minecraft.client.resources.model.ModelBakery/]: Unable to load model: 'fnaf_collectibles:item/rare_nightmarefreddy_card' referenced from: fnaf_collectibles:item/rare_nightmarefreddy_card: java.io.FileNotFoundException: fnaf_collectibles:models/item/rare_nightmarefreddy_card.json
[07Juli2026 17:59:31.636] [Worker-Main-4/WARN] [net.minecraft.client.resources.model.ModelBakery/]: Unable to load model: 'fnaf_collectibles:item/uncommon_jackochica_card' referenced from: fnaf_collectibles:item/uncommon_jackochica_card: java.io.FileNotFoundException: fnaf_collectibles:models/item/uncommon_jackochica_card.json
[07Juli2026 17:59:31.637] [Worker-Main-4/WARN] [net.minecraft.client.resources.model.ModelBakery/]: Unable to load model: 'fnaf_collectibles:item/epic_nightmarefredbear_card' referenced from: fnaf_collectibles:item/epic_nightmarefredbear_card: java.io.FileNotFoundException: fnaf_collectibles:models/item/epic_nightmarefredbear_card.json
[07Juli2026 17:59:31.637] [Worker-Main-4/WARN] [net.minecraft.client.resources.model.ModelBakery/]: Unable to load model: 'fnaf_collectibles:item/common_toychica_card' referenced from: fnaf_collectibles:item/common_toychica_card: java.io.FileNotFoundException: fnaf_collectibles:models/item/common_toychica_card.json
[07Juli2026 17:59:31.637] [Worker-Main-4/WARN] [net.minecraft.client.resources.model.ModelBakery/]: Unable to load model: 'fnaf_collectibles:item/rare_chica_card' referenced from: fnaf_collectibles:item/rare_chica_card: java.io.FileNotFoundException: fnaf_collectibles:models/item/rare_chica_card.json
[07Juli2026 17:59:31.637] [Worker-Main-4/WARN] [net.minecraft.client.resources.model.ModelBakery/]: Unable to load model: 'fnaf_collectibles:item/uncommon_bonbon_card' referenced from: fnaf_collectibles:item/uncommon_bonbon_card: java.io.FileNotFoundException: fnaf_collectibles:models/item/uncommon_bonbon_card.json
[07Juli2026 17:59:31.637] [Worker-Main-4/WARN] [net.minecraft.client.resources.model.ModelBakery/]: Unable to load model: 'fnaf_collectibles:item/epic_witheredfreddy_card' referenced from: fnaf_collectibles:item/epic_witheredfreddy_card: java.io.FileNotFoundException: fnaf_collectibles:models/item/epic_witheredfreddy_card.json
[07Juli2026 17:59:31.637] [Worker-Main-4/WARN] [net.minecraft.client.resources.model.ModelBakery/]: Unable to load model: 'fnaf_collectibles:item/epic_endo1_card' referenced from: fnaf_collectibles:item/epic_endo1_card: java.io.FileNotFoundException: fnaf_collectibles:models/item/epic_endo1_card.json
[07Juli2026 17:59:31.637] [Worker-Main-4/WARN] [net.minecraft.client.resources.model.ModelBakery/]: Unable to load model: 'fnaf_collectibles:item/legendary_balloonboy_card' referenced from: fnaf_collectibles:item/legendary_balloonboy_card: java.io.FileNotFoundException: fnaf_collectibles:models/item/legendary_balloonboy_card.json
[07Juli2026 17:59:31.637] [Worker-Main-4/WARN] [net.minecraft.client.resources.model.ModelBakery/]: Unable to load model: 'fnaf_collectibles:item/uncommon_phantompuppet_card' referenced from: fnaf_collectibles:item/uncommon_phantompuppet_card: java.io.FileNotFoundException: fnaf_collectibles:models/item/uncommon_phantompuppet_card.json
[07Juli2026 17:59:31.638] [Worker-Main-4/WARN] [net.minecraft.client.resources.model.ModelBakery/]: Unable to load model: 'fnaf_collectibles:item/rare_witheredbonnie_card' referenced from: fnaf_collectibles:item/rare_witheredbonnie_card: java.io.FileNotFoundException: fnaf_collectibles:models/item/rare_witheredbonnie_card.json
[07Juli2026 17:59:31.638] [Worker-Main-4/WARN] [net.minecraft.client.resources.model.ModelBakery/]: Unable to load model: 'fnaf_collectibles:item/index' referenced from: fnaf_collectibles:item/index: java.io.FileNotFoundException: fnaf_collectibles:models/item/index.json
[07Juli2026 17:59:31.638] [Worker-Main-4/WARN] [net.minecraft.client.resources.model.ModelBakery/]: Unable to load model: 'fnaf_collectibles:item/rare_balloonboy_card' referenced from: fnaf_collectibles:item/rare_balloonboy_card: java.io.FileNotFoundException: fnaf_collectibles:models/item/rare_balloonboy_card.json
[07Juli2026 17:59:31.638] [Worker-Main-4/WARN] [net.minecraft.client.resources.model.ModelBakery/]: Unable to load model: 'fnaf_collectibles:item/epic_minireena_card' referenced from: fnaf_collectibles:item/epic_minireena_card: java.io.FileNotFoundException: fnaf_collectibles:models/item/epic_minireena_card.json
[07Juli2026 17:59:31.638] [Worker-Main-4/WARN] [net.minecraft.client.resources.model.ModelBakery/]: Unable to load model: 'fnaf_collectibles:item/rare_nightmarefoxy_card' referenced from: fnaf_collectibles:item/rare_nightmarefoxy_card: java.io.FileNotFoundException: fnaf_collectibles:models/item/rare_nightmarefoxy_card.json
[07Juli2026 17:59:31.638] [Worker-Main-4/WARN] [net.minecraft.client.resources.model.ModelBakery/]: Unable to load model: 'fnaf_collectibles:item/rare_nightmarefredbear_card' referenced from: fnaf_collectibles:item/rare_nightmarefredbear_card: java.io.FileNotFoundException: fnaf_collectibles:models/item/rare_nightmarefredbear_card.json
[07Juli2026 17:59:31.638] [Worker-Main-4/WARN] [net.minecraft.client.resources.model.ModelBakery/]: Unable to load model: 'fnaf_collectibles:item/legendary_nightmarebonnie_card' referenced from: fnaf_collectibles:item/legendary_nightmarebonnie_card: java.io.FileNotFoundException: fnaf_collectibles:models/item/legendary_nightmarebonnie_card.json
[07Juli2026 17:59:31.638] [Worker-Main-4/WARN] [net.minecraft.client.resources.model.ModelBakery/]: Unable to load model: 'fnaf_collectibles:item/common_nightmare_card' referenced from: fnaf_collectibles:item/common_nightmare_card: java.io.FileNotFoundException: fnaf_collectibles:models/item/common_nightmare_card.json
[07Juli2026 17:59:31.638] [Worker-Main-4/WARN] [net.minecraft.client.resources.model.ModelBakery/]: Unable to load model: 'fnaf_collectibles:item/common_bonbon_card' referenced from: fnaf_collectibles:item/common_bonbon_card: java.io.FileNotFoundException: fnaf_collectibles:models/item/common_bonbon_card.json
[07Juli2026 17:59:31.638] [Worker-Main-4/WARN] [net.minecraft.client.resources.model.ModelBakery/]: Unable to load model: 'fnaf_collectibles:item/rare_nightmarepuppet_card' referenced from: fnaf_collectibles:item/rare_nightmarepuppet_card: java.io.FileNotFoundException: fnaf_collectibles:models/item/rare_nightmarepuppet_card.json
[07Juli2026 17:59:31.639] [Worker-Main-4/WARN] [net.minecraft.client.resources.model.ModelBakery/]: Unable to load model: 'fnaf_collectibles:item/common_witheredfreddy_card' referenced from: fnaf_collectibles:item/common_witheredfreddy_card: java.io.FileNotFoundException: fnaf_collectibles:models/item/common_witheredfreddy_card.json
[07Juli2026 17:59:31.639] [Worker-Main-4/WARN] [net.minecraft.client.resources.model.ModelBakery/]: Unable to load model: 'fnaf_collectibles:item/common_shadowfreddy_card' referenced from: fnaf_collectibles:item/common_shadowfreddy_card: java.io.FileNotFoundException: fnaf_collectibles:models/item/common_shadowfreddy_card.json
[07Juli2026 17:59:31.639] [Worker-Main-4/WARN] [net.minecraft.client.resources.model.ModelBakery/]: Unable to load model: 'fnaf_collectibles:item/epic_plushtrap_card' referenced from: fnaf_collectibles:item/epic_plushtrap_card: java.io.FileNotFoundException: fnaf_collectibles:models/item/epic_plushtrap_card.json
[07Juli2026 17:59:31.639] [Worker-Main-4/WARN] [net.minecraft.client.resources.model.ModelBakery/]: Unable to load model: 'fnaf_collectibles:item/common_nightmareballoonboy_card' referenced from: fnaf_collectibles:item/common_nightmareballoonboy_card: java.io.FileNotFoundException: fnaf_collectibles:models/item/common_nightmareballoonboy_card.json
[07Juli2026 17:59:31.639] [Worker-Main-4/WARN] [net.minecraft.client.resources.model.ModelBakery/]: Unable to load model: 'fnaf_collectibles:item/common_goldenfreddy_card' referenced from: fnaf_collectibles:item/common_goldenfreddy_card: java.io.FileNotFoundException: fnaf_collectibles:models/item/common_goldenfreddy_card.json
[07Juli2026 17:59:31.639] [Worker-Main-4/WARN] [net.minecraft.client.resources.model.ModelBakery/]: Unable to load model: 'fnaf_collectibles:item/epic_phantomchica_card' referenced from: fnaf_collectibles:item/epic_phantomchica_card: java.io.FileNotFoundException: fnaf_collectibles:models/item/epic_phantomchica_card.json
[07Juli2026 17:59:31.639] [Worker-Main-4/WARN] [net.minecraft.client.resources.model.ModelBakery/]: Unable to load model: 'fnaf_collectibles:item/legendary_freddy_card' referenced from: fnaf_collectibles:item/legendary_freddy_card: java.io.FileNotFoundException: fnaf_collectibles:models/item/legendary_freddy_card.json
[07Juli2026 17:59:31.639] [Worker-Main-4/WARN] [net.minecraft.client.resources.model.ModelBakery/]: Unable to load model: 'fnaf_collectibles:item/legendary_phantommangle_card' referenced from: fnaf_collectibles:item/legendary_phantommangle_card: java.io.FileNotFoundException: fnaf_collectibles:models/item/legendary_phantommangle_card.json
[07Juli2026 17:59:31.639] [Worker-Main-4/WARN] [net.minecraft.client.resources.model.ModelBakery/]: Unable to load model: 'fnaf_collectibles:item/epic_witheredchica_card' referenced from: fnaf_collectibles:item/epic_witheredchica_card: java.io.FileNotFoundException: fnaf_collectibles:models/item/epic_witheredchica_card.json
[07Juli2026 17:59:31.640] [Worker-Main-4/WARN] [net.minecraft.client.resources.model.ModelBakery/]: Unable to load model: 'fnaf_collectibles:item/uncommon_balloonboy_card' referenced from: fnaf_collectibles:item/uncommon_balloonboy_card: java.io.FileNotFoundException: fnaf_collectibles:models/item/uncommon_balloonboy_card.json
[07Juli2026 17:59:31.640] [Worker-Main-4/WARN] [net.minecraft.client.resources.model.ModelBakery/]: Unable to load model: 'fnaf_collectibles:item/epic_goldenfreddy_card' referenced from: fnaf_collectibles:item/epic_goldenfreddy_card: java.io.FileNotFoundException: fnaf_collectibles:models/item/epic_goldenfreddy_card.json
[07Juli2026 17:59:31.640] [Worker-Main-4/WARN] [net.minecraft.client.resources.model.ModelBakery/]: Unable to load model: 'fnaf_collectibles:item/legendary_bonnie_card' referenced from: fnaf_collectibles:item/legendary_bonnie_card: java.io.FileNotFoundException: fnaf_collectibles:models/item/legendary_bonnie_card.json
[07Juli2026 17:59:31.640] [Worker-Main-4/WARN] [net.minecraft.client.resources.model.ModelBakery/]: Unable to load model: 'fnaf_collectibles:item/epic_mangle_card' referenced from: fnaf_collectibles:item/epic_mangle_card: java.io.FileNotFoundException: fnaf_collectibles:models/item/epic_mangle_card.json
[07Juli2026 17:59:31.640] [Worker-Main-4/WARN] [net.minecraft.client.resources.model.ModelBakery/]: Unable to load model: 'fnaf_collectibles:item/rare_toyfreddy_card' referenced from: fnaf_collectibles:item/rare_toyfreddy_card: java.io.FileNotFoundException: fnaf_collectibles:models/item/rare_toyfreddy_card.json
[07Juli2026 17:59:31.640] [Worker-Main-4/WARN] [net.minecraft.client.resources.model.ModelBakery/]: Unable to load model: 'fnaf_collectibles:item/epic_nightmarechica_card' referenced from: fnaf_collectibles:item/epic_nightmarechica_card: java.io.FileNotFoundException: fnaf_collectibles:models/item/epic_nightmarechica_card.json
[07Juli2026 17:59:31.640] [Worker-Main-4/WARN] [net.minecraft.client.resources.model.ModelBakery/]: Unable to load model: 'fnaf_collectibles:item/legendary_chica_card' referenced from: fnaf_collectibles:item/legendary_chica_card: java.io.FileNotFoundException: fnaf_collectibles:models/item/legendary_chica_card.json
[07Juli2026 17:59:31.640] [Worker-Main-4/WARN] [net.minecraft.client.resources.model.ModelBakery/]: Unable to load model: 'fnaf_collectibles:item/rare_toybonnie_card' referenced from: fnaf_collectibles:item/rare_toybonnie_card: java.io.FileNotFoundException: fnaf_collectibles:models/item/rare_toybonnie_card.json
[07Juli2026 17:59:31.641] [Worker-Main-4/WARN] [net.minecraft.client.resources.model.ModelBakery/]: Unable to load model: 'fnaf_collectibles:item/legendary_nightmarechica_card' referenced from: fnaf_collectibles:item/legendary_nightmarechica_card: java.io.FileNotFoundException: fnaf_collectibles:models/item/legendary_nightmarechica_card.json
[07Juli2026 17:59:31.641] [Worker-Main-4/WARN] [net.minecraft.client.resources.model.ModelBakery/]: Unable to load model: 'fnaf_collectibles:item/rare_ennard_card' referenced from: fnaf_collectibles:item/rare_ennard_card: java.io.FileNotFoundException: fnaf_collectibles:models/item/rare_ennard_card.json
[07Juli2026 17:59:31.641] [Worker-Main-4/WARN] [net.minecraft.client.resources.model.ModelBakery/]: Unable to load model: 'fnaf_collectibles:item/fnafcommonpack' referenced from: fnaf_collectibles:item/fnafcommonpack: java.io.FileNotFoundException: fnaf_collectibles:models/item/fnafcommonpack.json
[07Juli2026 17:59:31.641] [Worker-Main-4/WARN] [net.minecraft.client.resources.model.ModelBakery/]: Unable to load model: 'fnaf_collectibles:item/uncommon_yenndo_card' referenced from: fnaf_collectibles:item/uncommon_yenndo_card: java.io.FileNotFoundException: fnaf_collectibles:models/item/uncommon_yenndo_card.json
[07Juli2026 17:59:31.641] [Worker-Main-4/WARN] [net.minecraft.client.resources.model.ModelBakery/]: Unable to load model: 'fnaf_collectibles:item/rare_endo2_card' referenced from: fnaf_collectibles:item/rare_endo2_card: java.io.FileNotFoundException: fnaf_collectibles:models/item/rare_endo2_card.json
[07Juli2026 17:59:31.641] [Worker-Main-4/WARN] [net.minecraft.client.resources.model.ModelBakery/]: Unable to load model: 'fnaf_collectibles:item/epic_endo2_card' referenced from: fnaf_collectibles:item/epic_endo2_card: java.io.FileNotFoundException: fnaf_collectibles:models/item/epic_endo2_card.json
[07Juli2026 17:59:31.641] [Worker-Main-4/WARN] [net.minecraft.client.resources.model.ModelBakery/]: Unable to load model: 'fnaf_collectibles:item/uncommon_minireena_card' referenced from: fnaf_collectibles:item/uncommon_minireena_card: java.io.FileNotFoundException: fnaf_collectibles:models/item/uncommon_minireena_card.json
[07Juli2026 17:59:31.641] [Worker-Main-4/WARN] [net.minecraft.client.resources.model.ModelBakery/]: Unable to load model: 'fnaf_collectibles:item/legendary_nightmareballoonboy_card' referenced from: fnaf_collectibles:item/legendary_nightmareballoonboy_card: java.io.FileNotFoundException: fnaf_collectibles:models/item/legendary_nightmareballoonboy_card.json
[07Juli2026 17:59:31.642] [Worker-Main-4/WARN] [net.minecraft.client.resources.model.ModelBakery/]: Unable to load model: 'fnaf_collectibles:item/rare_phantomfreddy_card' referenced from: fnaf_collectibles:item/rare_phantomfreddy_card: java.io.FileNotFoundException: fnaf_collectibles:models/item/rare_phantomfreddy_card.json
[07Juli2026 17:59:31.642] [Worker-Main-4/WARN] [net.minecraft.client.resources.model.ModelBakery/]: Unable to load model: 'fnaf_collectibles:item/epic_bonbon_card' referenced from: fnaf_collectibles:item/epic_bonbon_card: java.io.FileNotFoundException: fnaf_collectibles:models/item/epic_bonbon_card.json
[07Juli2026 17:59:31.642] [Worker-Main-4/WARN] [net.minecraft.client.resources.model.ModelBakery/]: Unable to load model: 'fnaf_collectibles:item/uncommon_witheredfreddy_card' referenced from: fnaf_collectibles:item/uncommon_witheredfreddy_card: java.io.FileNotFoundException: fnaf_collectibles:models/item/uncommon_witheredfreddy_card.json
[07Juli2026 17:59:31.642] [Worker-Main-4/WARN] [net.minecraft.client.resources.model.ModelBakery/]: Unable to load model: 'fnaf_collectibles:item/uncommon_nightmarepuppet_card' referenced from: fnaf_collectibles:item/uncommon_nightmarepuppet_card: java.io.FileNotFoundException: fnaf_collectibles:models/item/uncommon_nightmarepuppet_card.json
[07Juli2026 17:59:31.642] [Worker-Main-4/WARN] [net.minecraft.client.resources.model.ModelBakery/]: Unable to load model: 'fnaf_collectibles:item/rare_mangle_card' referenced from: fnaf_collectibles:item/rare_mangle_card: java.io.FileNotFoundException: fnaf_collectibles:models/item/rare_mangle_card.json
[07Juli2026 17:59:31.642] [Worker-Main-4/WARN] [net.minecraft.client.resources.model.ModelBakery/]: Unable to load model: 'fnaf_collectibles:item/common_bidybab_card' referenced from: fnaf_collectibles:item/common_bidybab_card: java.io.FileNotFoundException: fnaf_collectibles:models/item/common_bidybab_card.json
[07Juli2026 17:59:31.642] [Worker-Main-4/WARN] [net.minecraft.client.resources.model.ModelBakery/]: Unable to load model: 'fnaf_collectibles:item/epic_nightmarefreddy_card' referenced from: fnaf_collectibles:item/epic_nightmarefreddy_card: java.io.FileNotFoundException: fnaf_collectibles:models/item/epic_nightmarefreddy_card.json
[07Juli2026 17:59:31.643] [Worker-Main-4/WARN] [net.minecraft.client.resources.model.ModelBakery/]: Unable to load model: 'fnaf_collectibles:item/uncommon_bonnie_card' referenced from: fnaf_collectibles:item/uncommon_bonnie_card: java.io.FileNotFoundException: fnaf_collectibles:models/item/uncommon_bonnie_card.json
[07Juli2026 17:59:31.643] [Worker-Main-4/WARN] [net.minecraft.client.resources.model.ModelBakery/]: Unable to load model: 'fnaf_collectibles:item/rare_lolbit_card' referenced from: fnaf_collectibles:item/rare_lolbit_card: java.io.FileNotFoundException: fnaf_collectibles:models/item/rare_lolbit_card.json
[07Juli2026 17:59:31.643] [Worker-Main-4/WARN] [net.minecraft.client.resources.model.ModelBakery/]: Unable to load model: 'fnaf_collectibles:item/uncommon_circusbaby_card' referenced from: fnaf_collectibles:item/uncommon_circusbaby_card: java.io.FileNotFoundException: fnaf_collectibles:models/item/uncommon_circusbaby_card.json
[07Juli2026 17:59:31.643] [Worker-Main-4/WARN] [net.minecraft.client.resources.model.ModelBakery/]: Unable to load model: 'fnaf_collectibles:item/common_balloonboy_card' referenced from: fnaf_collectibles:item/common_balloonboy_card: java.io.FileNotFoundException: fnaf_collectibles:models/item/common_balloonboy_card.json
[07Juli2026 17:59:31.643] [Worker-Main-4/WARN] [net.minecraft.client.resources.model.ModelBakery/]: Unable to load model: 'fnaf_collectibles:item/common_phantomfreddy_card' referenced from: fnaf_collectibles:item/common_phantomfreddy_card: java.io.FileNotFoundException: fnaf_collectibles:models/item/common_phantomfreddy_card.json
[07Juli2026 17:59:31.643] [Worker-Main-4/WARN] [net.minecraft.client.resources.model.ModelBakery/]: Unable to load model: 'fnaf_collectibles:item/common_lolbit_card' referenced from: fnaf_collectibles:item/common_lolbit_card: java.io.FileNotFoundException: fnaf_collectibles:models/item/common_lolbit_card.json
[07Juli2026 17:59:31.643] [Worker-Main-4/WARN] [net.minecraft.client.resources.model.ModelBakery/]: Unable to load model: 'fnaf_collectibles:item/rare_jackobonnie_card' referenced from: fnaf_collectibles:item/rare_jackobonnie_card: java.io.FileNotFoundException: fnaf_collectibles:models/item/rare_jackobonnie_card.json
[07Juli2026 17:59:31.643] [Worker-Main-4/WARN] [net.minecraft.client.resources.model.ModelBakery/]: Unable to load model: 'fnaf_collectibles:item/rare_ballora_card' referenced from: fnaf_collectibles:item/rare_ballora_card: java.io.FileNotFoundException: fnaf_collectibles:models/item/rare_ballora_card.json
[07Juli2026 17:59:31.643] [Worker-Main-4/WARN] [net.minecraft.client.resources.model.ModelBakery/]: Unable to load model: 'fnaf_collectibles:item/common_nightmarefoxy_card' referenced from: fnaf_collectibles:item/common_nightmarefoxy_card: java.io.FileNotFoundException: fnaf_collectibles:models/item/common_nightmarefoxy_card.json
[07Juli2026 17:59:31.644] [Worker-Main-4/WARN] [net.minecraft.client.resources.model.ModelBakery/]: Unable to load model: 'fnaf_collectibles:item/epic_puppet_card' referenced from: fnaf_collectibles:item/epic_puppet_card: java.io.FileNotFoundException: fnaf_collectibles:models/item/epic_puppet_card.json
[07Juli2026 17:59:31.644] [Worker-Main-4/WARN] [net.minecraft.client.resources.model.ModelBakery/]: Unable to load model: 'fnaf_collectibles:item/rare_circusbaby_card' referenced from: fnaf_collectibles:item/rare_circusbaby_card: java.io.FileNotFoundException: fnaf_collectibles:models/item/rare_circusbaby_card.json
[07Juli2026 17:59:31.644] [Worker-Main-4/WARN] [net.minecraft.client.resources.model.ModelBakery/]: Unable to load model: 'fnaf_collectibles:item/legendary_phantompuppet_card' referenced from: fnaf_collectibles:item/legendary_phantompuppet_card: java.io.FileNotFoundException: fnaf_collectibles:models/item/legendary_phantompuppet_card.json
[07Juli2026 17:59:31.644] [Worker-Main-4/WARN] [net.minecraft.client.resources.model.ModelBakery/]: Unable to load model: 'fnaf_collectibles:item/common_witheredbonnie_card' referenced from: fnaf_collectibles:item/common_witheredbonnie_card: java.io.FileNotFoundException: fnaf_collectibles:models/item/common_witheredbonnie_card.json
[07Juli2026 17:59:31.644] [Worker-Main-4/WARN] [net.minecraft.client.resources.model.ModelBakery/]: Unable to load model: 'fnaf_collectibles:item/legendary_ballora_card' referenced from: fnaf_collectibles:item/legendary_ballora_card: java.io.FileNotFoundException: fnaf_collectibles:models/item/legendary_ballora_card.json
[07Juli2026 17:59:31.645] [Worker-Main-4/WARN] [net.minecraft.client.resources.model.ModelBakery/]: Unable to load model: 'fnaf_collectibles:item/rare_jj_card' referenced from: fnaf_collectibles:item/rare_jj_card: java.io.FileNotFoundException: fnaf_collectibles:models/item/rare_jj_card.json
[07Juli2026 17:59:31.645] [Worker-Main-4/WARN] [net.minecraft.client.resources.model.ModelBakery/]: Unable to load model: 'fnaf_collectibles:item/legendary_toyfreddy_card' referenced from: fnaf_collectibles:item/legendary_toyfreddy_card: java.io.FileNotFoundException: fnaf_collectibles:models/item/legendary_toyfreddy_card.json
[07Juli2026 17:59:31.645] [Worker-Main-4/WARN] [net.minecraft.client.resources.model.ModelBakery/]: Unable to load model: 'fnaf_collectibles:item/legendary_toybonnie_card' referenced from: fnaf_collectibles:item/legendary_toybonnie_card: java.io.FileNotFoundException: fnaf_collectibles:models/item/legendary_toybonnie_card.json
[07Juli2026 17:59:31.645] [Worker-Main-4/WARN] [net.minecraft.client.resources.model.ModelBakery/]: Unable to load model: 'fnaf_collectibles:item/common_mangle_card' referenced from: fnaf_collectibles:item/common_mangle_card: java.io.FileNotFoundException: fnaf_collectibles:models/item/common_mangle_card.json
[07Juli2026 17:59:31.645] [Worker-Main-4/WARN] [net.minecraft.client.resources.model.ModelBakery/]: Unable to load model: 'fnaf_collectibles:item/epic_springtrap_card' referenced from: fnaf_collectibles:item/epic_springtrap_card: java.io.FileNotFoundException: fnaf_collectibles:models/item/epic_springtrap_card.json
[07Juli2026 17:59:31.645] [Worker-Main-4/WARN] [net.minecraft.client.resources.model.ModelBakery/]: Unable to load model: 'fnaf_collectibles:item/uncommon_phantomfoxy_card' referenced from: fnaf_collectibles:item/uncommon_phantomfoxy_card: java.io.FileNotFoundException: fnaf_collectibles:models/item/uncommon_phantomfoxy_card.json
[07Juli2026 17:59:31.645] [Worker-Main-4/WARN] [net.minecraft.client.resources.model.ModelBakery/]: Unable to load model: 'fnaf_collectibles:item/uncommon_ennard_card' referenced from: fnaf_collectibles:item/uncommon_ennard_card: java.io.FileNotFoundException: fnaf_collectibles:models/item/uncommon_ennard_card.json
[07Juli2026 17:59:31.645] [Worker-Main-4/WARN] [net.minecraft.client.resources.model.ModelBakery/]: Unable to load model: 'fnaf_collectibles:item/uncommon_phantomchica_card' referenced from: fnaf_collectibles:item/uncommon_phantomchica_card: java.io.FileNotFoundException: fnaf_collectibles:models/item/uncommon_phantomchica_card.json
[07Juli2026 17:59:31.646] [Worker-Main-4/WARN] [net.minecraft.client.resources.model.ModelBakery/]: Unable to load model: 'fnaf_collectibles:item/common_nightmarefreddy_card' referenced from: fnaf_collectibles:item/common_nightmarefreddy_card: java.io.FileNotFoundException: fnaf_collectibles:models/item/common_nightmarefreddy_card.json
[07Juli2026 17:59:31.646] [Worker-Main-4/WARN] [net.minecraft.client.resources.model.ModelBakery/]: Unable to load model: 'fnaf_collectibles:item/rare_phantomchica_card' referenced from: fnaf_collectibles:item/rare_phantomchica_card: java.io.FileNotFoundException: fnaf_collectibles:models/item/rare_phantomchica_card.json
[07Juli2026 17:59:31.646] [Worker-Main-4/WARN] [net.minecraft.client.resources.model.ModelBakery/]: Unable to load model: 'fnaf_collectibles:item/legendary_nightmarefredbear_card' referenced from: fnaf_collectibles:item/legendary_nightmarefredbear_card: java.io.FileNotFoundException: fnaf_collectibles:models/item/legendary_nightmarefredbear_card.json
[07Juli2026 17:59:31.646] [Worker-Main-4/WARN] [net.minecraft.client.resources.model.ModelBakery/]: Unable to load model: 'fnaf_collectibles:item/legendary_witheredchica_card' referenced from: fnaf_collectibles:item/legendary_witheredchica_card: java.io.FileNotFoundException: fnaf_collectibles:models/item/legendary_witheredchica_card.json
[07Juli2026 17:59:31.646] [Worker-Main-4/WARN] [net.minecraft.client.resources.model.ModelBakery/]: Unable to load model: 'fnaf_collectibles:item/common_jackobonnie_card' referenced from: fnaf_collectibles:item/common_jackobonnie_card: java.io.FileNotFoundException: fnaf_collectibles:models/item/common_jackobonnie_card.json
[07Juli2026 17:59:31.646] [Worker-Main-4/WARN] [net.minecraft.client.resources.model.ModelBakery/]: Unable to load model: 'fnaf_collectibles:item/epic_jackochica_card' referenced from: fnaf_collectibles:item/epic_jackochica_card: java.io.FileNotFoundException: fnaf_collectibles:models/item/epic_jackochica_card.json
[07Juli2026 17:59:31.646] [Worker-Main-4/WARN] [net.minecraft.client.resources.model.ModelBakery/]: Unable to load model: 'fnaf_collectibles:item/legendary_minireena_card' referenced from: fnaf_collectibles:item/legendary_minireena_card: java.io.FileNotFoundException: fnaf_collectibles:models/item/legendary_minireena_card.json
[07Juli2026 17:59:31.647] [Worker-Main-4/WARN] [net.minecraft.client.resources.model.ModelBakery/]: Unable to load model: 'fnaf_collectibles:item/uncommon_phantomfreddy_card' referenced from: fnaf_collectibles:item/uncommon_phantomfreddy_card: java.io.FileNotFoundException: fnaf_collectibles:models/item/uncommon_phantomfreddy_card.json
[07Juli2026 17:59:31.647] [Worker-Main-4/WARN] [net.minecraft.client.resources.model.ModelBakery/]: Unable to load model: 'fnaf_collectibles:item/epic_ballora_card' referenced from: fnaf_collectibles:item/epic_ballora_card: java.io.FileNotFoundException: fnaf_collectibles:models/item/epic_ballora_card.json
[07Juli2026 17:59:31.647] [Worker-Main-4/WARN] [net.minecraft.client.resources.model.ModelBakery/]: Unable to load model: 'fnaf_collectibles:item/uncommon_plushtrap_card' referenced from: fnaf_collectibles:item/uncommon_plushtrap_card: java.io.FileNotFoundException: fnaf_collectibles:models/item/uncommon_plushtrap_card.json
[07Juli2026 17:59:31.647] [Worker-Main-4/WARN] [net.minecraft.client.resources.model.ModelBakery/]: Unable to load model: 'fnaf_collectibles:item/rare_phantomfoxy_card' referenced from: fnaf_collectibles:item/rare_phantomfoxy_card: java.io.FileNotFoundException: fnaf_collectibles:models/item/rare_phantomfoxy_card.json
[07Juli2026 17:59:31.647] [Worker-Main-4/WARN] [net.minecraft.client.resources.model.ModelBakery/]: Unable to load model: 'fnaf_collectibles:item/common_shadowbonnie_card' referenced from: fnaf_collectibles:item/common_shadowbonnie_card: java.io.FileNotFoundException: fnaf_collectibles:models/item/common_shadowbonnie_card.json
[07Juli2026 17:59:31.647] [Worker-Main-4/WARN] [net.minecraft.client.resources.model.ModelBakery/]: Unable to load model: 'fnaf_collectibles:item/epic_shadowbonnie_card' referenced from: fnaf_collectibles:item/epic_shadowbonnie_card: java.io.FileNotFoundException: fnaf_collectibles:models/item/epic_shadowbonnie_card.json
[07Juli2026 17:59:31.647] [Worker-Main-4/WARN] [net.minecraft.client.resources.model.ModelBakery/]: Unable to load model: 'fnaf_collectibles:item/legendary_jackochica_card' referenced from: fnaf_collectibles:item/legendary_jackochica_card: java.io.FileNotFoundException: fnaf_collectibles:models/item/legendary_jackochica_card.json
[07Juli2026 17:59:31.647] [Worker-Main-4/WARN] [net.minecraft.client.resources.model.ModelBakery/]: Unable to load model: 'fnaf_collectibles:item/epic_toychica_card' referenced from: fnaf_collectibles:item/epic_toychica_card: java.io.FileNotFoundException: fnaf_collectibles:models/item/epic_toychica_card.json
[07Juli2026 17:59:31.647] [Worker-Main-4/WARN] [net.minecraft.client.resources.model.ModelBakery/]: Unable to load model: 'fnaf_collectibles:item/epic_jackobonnie_card' referenced from: fnaf_collectibles:item/epic_jackobonnie_card: java.io.FileNotFoundException: fnaf_collectibles:models/item/epic_jackobonnie_card.json
[07Juli2026 17:59:31.648] [Worker-Main-4/WARN] [net.minecraft.client.resources.model.ModelBakery/]: Unable to load model: 'fnaf_collectibles:item/common_puppet_card' referenced from: fnaf_collectibles:item/common_puppet_card: java.io.FileNotFoundException: fnaf_collectibles:models/item/common_puppet_card.json
[07Juli2026 17:59:31.648] [Worker-Main-4/WARN] [net.minecraft.client.resources.model.ModelBakery/]: Unable to load model: 'fnaf_collectibles:item/epic_nightmare_card' referenced from: fnaf_collectibles:item/epic_nightmare_card: java.io.FileNotFoundException: fnaf_collectibles:models/item/epic_nightmare_card.json
[07Juli2026 17:59:31.648] [Worker-Main-4/WARN] [net.minecraft.client.resources.model.ModelBakery/]: Unable to load model: 'fnaf_collectibles:item/legendary_plushtrap_card' referenced from: fnaf_collectibles:item/legendary_plushtrap_card: java.io.FileNotFoundException: fnaf_collectibles:models/item/legendary_plushtrap_card.json
[07Juli2026 17:59:31.648] [Worker-Main-4/WARN] [net.minecraft.client.resources.model.ModelBakery/]: Unable to load model: 'fnaf_collectibles:item/legendary_nightmarefreddy_card' referenced from: fnaf_collectibles:item/legendary_nightmarefreddy_card: java.io.FileNotFoundException: fnaf_collectibles:models/item/legendary_nightmarefreddy_card.json
[07Juli2026 17:59:31.648] [Worker-Main-4/WARN] [net.minecraft.client.resources.model.ModelBakery/]: Unable to load model: 'fnaf_collectibles:item/epic_witheredbonnie_card' referenced from: fnaf_collectibles:item/epic_witheredbonnie_card: java.io.FileNotFoundException: fnaf_collectibles:models/item/epic_witheredbonnie_card.json
[07Juli2026 17:59:31.648] [Worker-Main-4/WARN] [net.minecraft.client.resources.model.ModelBakery/]: Unable to load model: 'fnaf_collectibles:item/common_ennard_card' referenced from: fnaf_collectibles:item/common_ennard_card: java.io.FileNotFoundException: fnaf_collectibles:models/item/common_ennard_card.json
[07Juli2026 17:59:31.648] [Worker-Main-4/WARN] [net.minecraft.client.resources.model.ModelBakery/]: Unable to load model: 'fnaf_collectibles:item/uncommon_phantommangle_card' referenced from: fnaf_collectibles:item/uncommon_phantommangle_card: java.io.FileNotFoundException: fnaf_collectibles:models/item/uncommon_phantommangle_card.json
[07Juli2026 17:59:31.648] [Worker-Main-4/WARN] [net.minecraft.client.resources.model.ModelBakery/]: Unable to load model: 'fnaf_collectibles:item/rare_witheredfreddy_card' referenced from: fnaf_collectibles:item/rare_witheredfreddy_card: java.io.FileNotFoundException: fnaf_collectibles:models/item/rare_witheredfreddy_card.json
[07Juli2026 17:59:31.648] [Worker-Main-4/WARN] [net.minecraft.client.resources.model.ModelBakery/]: Unable to load model: 'fnaf_collectibles:item/uncommon_goldenfreddy_card' referenced from: fnaf_collectibles:item/uncommon_goldenfreddy_card: java.io.FileNotFoundException: fnaf_collectibles:models/item/uncommon_goldenfreddy_card.json
[07Juli2026 17:59:31.649] [Worker-Main-4/WARN] [net.minecraft.client.resources.model.ModelBakery/]: Unable to load model: 'fnaf_collectibles:item/epic_phantommangle_card' referenced from: fnaf_collectibles:item/epic_phantommangle_card: java.io.FileNotFoundException: fnaf_collectibles:models/item/epic_phantommangle_card.json
[07Juli2026 17:59:31.649] [Worker-Main-4/WARN] [net.minecraft.client.resources.model.ModelBakery/]: Unable to load model: 'fnaf_collectibles:item/rare_nightmareballoonboy_card' referenced from: fnaf_collectibles:item/rare_nightmareballoonboy_card: java.io.FileNotFoundException: fnaf_collectibles:models/item/rare_nightmareballoonboy_card.json
[07Juli2026 17:59:31.649] [Worker-Main-4/WARN] [net.minecraft.client.resources.model.ModelBakery/]: Unable to load model: 'fnaf_collectibles:item/legendary_shadowbonnie_card' referenced from: fnaf_collectibles:item/legendary_shadowbonnie_card: java.io.FileNotFoundException: fnaf_collectibles:models/item/legendary_shadowbonnie_card.json
[07Juli2026 17:59:31.649] [Worker-Main-4/WARN] [net.minecraft.client.resources.model.ModelBakery/]: Unable to load model: 'fnaf_collectibles:item/rare_goldenfreddy_card' referenced from: fnaf_collectibles:item/rare_goldenfreddy_card: java.io.FileNotFoundException: fnaf_collectibles:models/item/rare_goldenfreddy_card.json
[07Juli2026 17:59:31.649] [Worker-Main-4/WARN] [net.minecraft.client.resources.model.ModelBakery/]: Unable to load model: 'fnaf_collectibles:item/common_funtimefreddy_card' referenced from: fnaf_collectibles:item/common_funtimefreddy_card: java.io.FileNotFoundException: fnaf_collectibles:models/item/common_funtimefreddy_card.json
[07Juli2026 17:59:31.649] [Worker-Main-4/WARN] [net.minecraft.client.resources.model.ModelBakery/]: Unable to load model: 'fnaf_collectibles:item/epic_phantomfreddy_card' referenced from: fnaf_collectibles:item/epic_phantomfreddy_card: java.io.FileNotFoundException: fnaf_collectibles:models/item/epic_phantomfreddy_card.json
[07Juli2026 17:59:31.649] [Worker-Main-4/WARN] [net.minecraft.client.resources.model.ModelBakery/]: Unable to load model: 'fnaf_collectibles:item/rare_puppet_card' referenced from: fnaf_collectibles:item/rare_puppet_card: java.io.FileNotFoundException: fnaf_collectibles:models/item/rare_puppet_card.json
[07Juli2026 17:59:31.649] [Worker-Main-4/WARN] [net.minecraft.client.resources.model.ModelBakery/]: Unable to load model: 'fnaf_collectibles:item/rare_phantompuppet_card' referenced from: fnaf_collectibles:item/rare_phantompuppet_card: java.io.FileNotFoundException: fnaf_collectibles:models/item/rare_phantompuppet_card.json
[07Juli2026 17:59:31.649] [Worker-Main-4/WARN] [net.minecraft.client.resources.model.ModelBakery/]: Unable to load model: 'fnaf_collectibles:item/uncommon_nightmarefreddy_card' referenced from: fnaf_collectibles:item/uncommon_nightmarefreddy_card: java.io.FileNotFoundException: fnaf_collectibles:models/item/uncommon_nightmarefreddy_card.json
[07Juli2026 17:59:31.649] [Worker-Main-4/WARN] [net.minecraft.client.resources.model.ModelBakery/]: Unable to load model: 'fnaf_collectibles:item/rare_nightmarebonnie_card' referenced from: fnaf_collectibles:item/rare_nightmarebonnie_card: java.io.FileNotFoundException: fnaf_collectibles:models/item/rare_nightmarebonnie_card.json
[07Juli2026 17:59:31.650] [Worker-Main-4/WARN] [net.minecraft.client.resources.model.ModelBakery/]: Unable to load model: 'fnaf_collectibles:item/legendary_springtrap_card' referenced from: fnaf_collectibles:item/legendary_springtrap_card: java.io.FileNotFoundException: fnaf_collectibles:models/item/legendary_springtrap_card.json
[07Juli2026 17:59:31.650] [Worker-Main-4/WARN] [net.minecraft.client.resources.model.ModelBakery/]: Unable to load model: 'fnaf_collectibles:item/epic_toybonnie_card' referenced from: fnaf_collectibles:item/epic_toybonnie_card: java.io.FileNotFoundException: fnaf_collectibles:models/item/epic_toybonnie_card.json
[07Juli2026 17:59:31.650] [Worker-Main-4/WARN] [net.minecraft.client.resources.model.ModelBakery/]: Unable to load model: 'fnaf_collectibles:item/cardpull' referenced from: fnaf_collectibles:item/cardpull: java.io.FileNotFoundException: fnaf_collectibles:models/item/cardpull.json
[07Juli2026 17:59:31.650] [Worker-Main-4/WARN] [net.minecraft.client.resources.model.ModelBakery/]: Unable to load model: 'fnaf_collectibles:item/common_circusbaby_card' referenced from: fnaf_collectibles:item/common_circusbaby_card: java.io.FileNotFoundException: fnaf_collectibles:models/item/common_circusbaby_card.json
[07Juli2026 17:59:31.650] [Worker-Main-4/WARN] [net.minecraft.client.resources.model.ModelBakery/]: Unable to load model: 'fnaf_collectibles:item/uncommon_puppet_card' referenced from: fnaf_collectibles:item/uncommon_puppet_card: java.io.FileNotFoundException: fnaf_collectibles:models/item/uncommon_puppet_card.json
[07Juli2026 17:59:31.650] [Worker-Main-4/WARN] [net.minecraft.client.resources.model.ModelBakery/]: Unable to load model: 'fnaf_collectibles:item/legendary_witheredbonnie_card' referenced from: fnaf_collectibles:item/legendary_witheredbonnie_card: java.io.FileNotFoundException: fnaf_collectibles:models/item/legendary_witheredbonnie_card.json
[07Juli2026 17:59:31.650] [Worker-Main-4/WARN] [net.minecraft.client.resources.model.ModelBakery/]: Unable to load model: 'fnaf_collectibles:item/rare_witheredchica_card' referenced from: fnaf_collectibles:item/rare_witheredchica_card: java.io.FileNotFoundException: fnaf_collectibles:models/item/rare_witheredchica_card.json
[07Juli2026 17:59:31.650] [Worker-Main-4/WARN] [net.minecraft.client.resources.model.ModelBakery/]: Unable to load model: 'fnaf_collectibles:item/rare_plushtrap_card' referenced from: fnaf_collectibles:item/rare_plushtrap_card: java.io.FileNotFoundException: fnaf_collectibles:models/item/rare_plushtrap_card.json
[07Juli2026 17:59:31.651] [Worker-Main-4/WARN] [net.minecraft.client.resources.model.ModelBakery/]: Unable to load model: 'fnaf_collectibles:item/legendary_ennard_card' referenced from: fnaf_collectibles:item/legendary_ennard_card: java.io.FileNotFoundException: fnaf_collectibles:models/item/legendary_ennard_card.json
[07Juli2026 17:59:31.651] [Worker-Main-4/WARN] [net.minecraft.client.resources.model.ModelBakery/]: Unable to load model: 'fnaf_collectibles:item/uncommon_endo2_card' referenced from: fnaf_collectibles:item/uncommon_endo2_card: java.io.FileNotFoundException: fnaf_collectibles:models/item/uncommon_endo2_card.json
[07Juli2026 17:59:31.651] [Worker-Main-4/WARN] [net.minecraft.client.resources.model.ModelBakery/]: Unable to load model: 'fnaf_collectibles:item/legendary_witheredfreddy_card' referenced from: fnaf_collectibles:item/legendary_witheredfreddy_card: java.io.FileNotFoundException: fnaf_collectibles:models/item/legendary_witheredfreddy_card.json
[07Juli2026 17:59:31.651] [Worker-Main-4/WARN] [net.minecraft.client.resources.model.ModelBakery/]: Unable to load model: 'fnaf_collectibles:item/uncommon_witheredgoldenfreddy_card' referenced from: fnaf_collectibles:item/uncommon_witheredgoldenfreddy_card: java.io.FileNotFoundException: fnaf_collectibles:models/item/uncommon_witheredgoldenfreddy_card.json
[07Juli2026 17:59:31.651] [Worker-Main-4/WARN] [net.minecraft.client.resources.model.ModelBakery/]: Unable to load model: 'fnaf_collectibles:item/rare_bonbon_card' referenced from: fnaf_collectibles:item/rare_bonbon_card: java.io.FileNotFoundException: fnaf_collectibles:models/item/rare_bonbon_card.json
[07Juli2026 17:59:31.651] [Worker-Main-4/WARN] [net.minecraft.client.resources.model.ModelBakery/]: Unable to load model: 'fnaf_collectibles:item/epic_bidybab_card' referenced from: fnaf_collectibles:item/epic_bidybab_card: java.io.FileNotFoundException: fnaf_collectibles:models/item/epic_bidybab_card.json
[07Juli2026 17:59:31.651] [Worker-Main-4/WARN] [net.minecraft.client.resources.model.ModelBakery/]: Unable to load model: 'fnaf_collectibles:item/rare_funtimefreddy_card' referenced from: fnaf_collectibles:item/rare_funtimefreddy_card: java.io.FileNotFoundException: fnaf_collectibles:models/item/rare_funtimefreddy_card.json
[07Juli2026 17:59:31.652] [Worker-Main-4/WARN] [net.minecraft.client.resources.model.ModelBakery/]: Unable to load model: 'fnaf_collectibles:item/common_bonnie_card' referenced from: fnaf_collectibles:item/common_bonnie_card: java.io.FileNotFoundException: fnaf_collectibles:models/item/common_bonnie_card.json
[07Juli2026 17:59:31.652] [Worker-Main-4/WARN] [net.minecraft.client.resources.model.ModelBakery/]: Unable to load model: 'fnaf_collectibles:item/common_witheredgoldenfreddy_card' referenced from: fnaf_collectibles:item/common_witheredgoldenfreddy_card: java.io.FileNotFoundException: fnaf_collectibles:models/item/common_witheredgoldenfreddy_card.json
[07Juli2026 17:59:31.652] [Worker-Main-4/WARN] [net.minecraft.client.resources.model.ModelBakery/]: Unable to load model: 'fnaf_collectibles:item/epic_ennard_card' referenced from: fnaf_collectibles:item/epic_ennard_card: java.io.FileNotFoundException: fnaf_collectibles:models/item/epic_ennard_card.json
[07Juli2026 17:59:31.652] [Worker-Main-4/WARN] [net.minecraft.client.resources.model.ModelBakery/]: Unable to load model: 'fnaf_collectibles:item/legendary_endo1_card' referenced from: fnaf_collectibles:item/legendary_endo1_card: java.io.FileNotFoundException: fnaf_collectibles:models/item/legendary_endo1_card.json
[07Juli2026 17:59:31.652] [Worker-Main-4/WARN] [net.minecraft.client.resources.model.ModelBakery/]: Unable to load model: 'fnaf_collectibles:item/legendary_shadowfreddy_card' referenced from: fnaf_collectibles:item/legendary_shadowfreddy_card: java.io.FileNotFoundException: fnaf_collectibles:models/item/legendary_shadowfreddy_card.json
[07Juli2026 17:59:31.652] [Worker-Main-4/WARN] [net.minecraft.client.resources.model.ModelBakery/]: Unable to load model: 'fnaf_collectibles:item/uncommon_nightmarefredbear_card' referenced from: fnaf_collectibles:item/uncommon_nightmarefredbear_card: java.io.FileNotFoundException: fnaf_collectibles:models/item/uncommon_nightmarefredbear_card.json
[07Juli2026 17:59:31.652] [Worker-Main-4/WARN] [net.minecraft.client.resources.model.ModelBakery/]: Unable to load model: 'fnaf_collectibles:item/epic_freddy_card' referenced from: fnaf_collectibles:item/epic_freddy_card: java.io.FileNotFoundException: fnaf_collectibles:models/item/epic_freddy_card.json
[07Juli2026 17:59:31.652] [Worker-Main-4/WARN] [net.minecraft.client.resources.model.ModelBakery/]: Unable to load model: 'fnaf_collectibles:item/legendary_nightmare_card' referenced from: fnaf_collectibles:item/legendary_nightmare_card: java.io.FileNotFoundException: fnaf_collectibles:models/item/legendary_nightmare_card.json
[07Juli2026 17:59:31.652] [Worker-Main-4/WARN] [net.minecraft.client.resources.model.ModelBakery/]: Unable to load model: 'fnaf_collectibles:item/legendary_nightmarefoxy_card' referenced from: fnaf_collectibles:item/legendary_nightmarefoxy_card: java.io.FileNotFoundException: fnaf_collectibles:models/item/legendary_nightmarefoxy_card.json
[07Juli2026 17:59:31.652] [Worker-Main-4/WARN] [net.minecraft.client.resources.model.ModelBakery/]: Unable to load model: 'fnaf_collectibles:item/common_phantommangle_card' referenced from: fnaf_collectibles:item/common_phantommangle_card: java.io.FileNotFoundException: fnaf_collectibles:models/item/common_phantommangle_card.json
[07Juli2026 17:59:31.652] [Worker-Main-4/WARN] [net.minecraft.client.resources.model.ModelBakery/]: Unable to load model: 'fnaf_collectibles:item/common_springtrap_card' referenced from: fnaf_collectibles:item/common_springtrap_card: java.io.FileNotFoundException: fnaf_collectibles:models/item/common_springtrap_card.json
[07Juli2026 17:59:31.653] [Worker-Main-4/WARN] [net.minecraft.client.resources.model.ModelBakery/]: Unable to load model: 'fnaf_collectibles:item/legendary_funtimefreddy_card' referenced from: fnaf_collectibles:item/legendary_funtimefreddy_card: java.io.FileNotFoundException: fnaf_collectibles:models/item/legendary_funtimefreddy_card.json
[07Juli2026 17:59:31.653] [Worker-Main-4/WARN] [net.minecraft.client.resources.model.ModelBakery/]: Unable to load model: 'fnaf_collectibles:item/common_ballora_card' referenced from: fnaf_collectibles:item/common_ballora_card: java.io.FileNotFoundException: fnaf_collectibles:models/item/common_ballora_card.json
[07Juli2026 17:59:31.653] [Worker-Main-4/WARN] [net.minecraft.client.resources.model.ModelBakery/]: Unable to load model: 'fnaf_collectibles:item/rare_freddy_card' referenced from: fnaf_collectibles:item/rare_freddy_card: java.io.FileNotFoundException: fnaf_collectibles:models/item/rare_freddy_card.json
[07Juli2026 17:59:31.653] [Worker-Main-4/WARN] [net.minecraft.client.resources.model.ModelBakery/]: Unable to load model: 'fnaf_collectibles:item/legendary_bidybab_card' referenced from: fnaf_collectibles:item/legendary_bidybab_card: java.io.FileNotFoundException: fnaf_collectibles:models/item/legendary_bidybab_card.json
[07Juli2026 17:59:31.653] [Worker-Main-4/WARN] [net.minecraft.client.resources.model.ModelBakery/]: Unable to load model: 'fnaf_collectibles:item/epic_nightmarepuppet_card' referenced from: fnaf_collectibles:item/epic_nightmarepuppet_card: java.io.FileNotFoundException: fnaf_collectibles:models/item/epic_nightmarepuppet_card.json
[07Juli2026 17:59:31.653] [Worker-Main-4/WARN] [net.minecraft.client.resources.model.ModelBakery/]: Unable to load model: 'fnaf_collectibles:item/common_phantompuppet_card' referenced from: fnaf_collectibles:item/common_phantompuppet_card: java.io.FileNotFoundException: fnaf_collectibles:models/item/common_phantompuppet_card.json
[07Juli2026 17:59:31.653] [Worker-Main-4/WARN] [net.minecraft.client.resources.model.ModelBakery/]: Unable to load model: 'fnaf_collectibles:item/uncommon_jackobonnie_card' referenced from: fnaf_collectibles:item/uncommon_jackobonnie_card: java.io.FileNotFoundException: fnaf_collectibles:models/item/uncommon_jackobonnie_card.json
[07Juli2026 17:59:31.653] [Worker-Main-4/WARN] [net.minecraft.client.resources.model.ModelBakery/]: Unable to load model: 'fnaf_collectibles:item/uncommon_shadowbonnie_card' referenced from: fnaf_collectibles:item/uncommon_shadowbonnie_card: java.io.FileNotFoundException: fnaf_collectibles:models/item/uncommon_shadowbonnie_card.json
[07Juli2026 17:59:31.654] [Worker-Main-4/WARN] [net.minecraft.client.resources.model.ModelBakery/]: Unable to load model: 'fnaf_collectibles:item/rare_nightmarechica_card' referenced from: fnaf_collectibles:item/rare_nightmarechica_card: java.io.FileNotFoundException: fnaf_collectibles:models/item/rare_nightmarechica_card.json
[07Juli2026 17:59:31.654] [Worker-Main-4/WARN] [net.minecraft.client.resources.model.ModelBakery/]: Unable to load model: 'fnaf_collectibles:item/legendary_endo2_card' referenced from: fnaf_collectibles:item/legendary_endo2_card: java.io.FileNotFoundException: fnaf_collectibles:models/item/legendary_endo2_card.json
[07Juli2026 17:59:31.654] [Worker-Main-4/WARN] [net.minecraft.client.resources.model.ModelBakery/]: Unable to load model: 'fnaf_collectibles:item/uncommon_lolbit_card' referenced from: fnaf_collectibles:item/uncommon_lolbit_card: java.io.FileNotFoundException: fnaf_collectibles:models/item/uncommon_lolbit_card.json
[07Juli2026 17:59:31.654] [Worker-Main-4/WARN] [net.minecraft.client.resources.model.ModelBakery/]: Unable to load model: 'fnaf_collectibles:item/epic_balloonboy_card' referenced from: fnaf_collectibles:item/epic_balloonboy_card: java.io.FileNotFoundException: fnaf_collectibles:models/item/epic_balloonboy_card.json
[07Juli2026 17:59:31.654] [Worker-Main-4/WARN] [net.minecraft.client.resources.model.ModelBakery/]: Unable to load model: 'fnaf_collectibles:item/legendary_jj_card' referenced from: fnaf_collectibles:item/legendary_jj_card: java.io.FileNotFoundException: fnaf_collectibles:models/item/legendary_jj_card.json
[07Juli2026 17:59:31.654] [Worker-Main-4/WARN] [net.minecraft.client.resources.model.ModelBakery/]: Unable to load model: 'fnaf_collectibles:item/legendary_goldenfreddy_card' referenced from: fnaf_collectibles:item/legendary_goldenfreddy_card: java.io.FileNotFoundException: fnaf_collectibles:models/item/legendary_goldenfreddy_card.json
[07Juli2026 17:59:31.654] [Worker-Main-4/WARN] [net.minecraft.client.resources.model.ModelBakery/]: Unable to load model: 'fnaf_collectibles:item/common_phantomfoxy_card' referenced from: fnaf_collectibles:item/common_phantomfoxy_card: java.io.FileNotFoundException: fnaf_collectibles:models/item/common_phantomfoxy_card.json
[07Juli2026 17:59:31.654] [Worker-Main-4/WARN] [net.minecraft.client.resources.model.ModelBakery/]: Unable to load model: 'fnaf_collectibles:item/uncommon_springtrap_card' referenced from: fnaf_collectibles:item/uncommon_springtrap_card: java.io.FileNotFoundException: fnaf_collectibles:models/item/uncommon_springtrap_card.json
[07Juli2026 17:59:31.654] [Worker-Main-4/WARN] [net.minecraft.client.resources.model.ModelBakery/]: Unable to load model: 'fnaf_collectibles:item/uncommon_foxy_card' referenced from: fnaf_collectibles:item/uncommon_foxy_card: java.io.FileNotFoundException: fnaf_collectibles:models/item/uncommon_foxy_card.json
[07Juli2026 17:59:31.654] [Worker-Main-4/WARN] [net.minecraft.client.resources.model.ModelBakery/]: Unable to load model: 'fnaf_collectibles:item/common_nightmarebonnie_card' referenced from: fnaf_collectibles:item/common_nightmarebonnie_card: java.io.FileNotFoundException: fnaf_collectibles:models/item/common_nightmarebonnie_card.json
[07Juli2026 17:59:31.655] [Worker-Main-4/WARN] [net.minecraft.client.resources.model.ModelBakery/]: Unable to load model: 'fnaf_collectibles:item/rare_shadowbonnie_card' referenced from: fnaf_collectibles:item/rare_shadowbonnie_card: java.io.FileNotFoundException: fnaf_collectibles:models/item/rare_shadowbonnie_card.json
[07Juli2026 17:59:31.655] [Worker-Main-4/WARN] [net.minecraft.client.resources.model.ModelBakery/]: Unable to load model: 'fnaf_collectibles:item/legendary_circusbaby_card' referenced from: fnaf_collectibles:item/legendary_circusbaby_card: java.io.FileNotFoundException: fnaf_collectibles:models/item/legendary_circusbaby_card.json
[07Juli2026 17:59:31.655] [Worker-Main-4/WARN] [net.minecraft.client.resources.model.ModelBakery/]: Unable to load model: 'fnaf_collectibles:item/uncommon_shadowfreddy_card' referenced from: fnaf_collectibles:item/uncommon_shadowfreddy_card: java.io.FileNotFoundException: fnaf_collectibles:models/item/uncommon_shadowfreddy_card.json
[07Juli2026 17:59:31.655] [Worker-Main-4/WARN] [net.minecraft.client.resources.model.ModelBakery/]: Unable to load model: 'fnaf_collectibles:item/legendary_phantomfoxy_card' referenced from: fnaf_collectibles:item/legendary_phantomfoxy_card: java.io.FileNotFoundException: fnaf_collectibles:models/item/legendary_phantomfoxy_card.json
[07Juli2026 17:59:31.655] [Worker-Main-4/WARN] [net.minecraft.client.resources.model.ModelBakery/]: Unable to load model: 'fnaf_collectibles:item/common_toyfreddy_card' referenced from: fnaf_collectibles:item/common_toyfreddy_card: java.io.FileNotFoundException: fnaf_collectibles:models/item/common_toyfreddy_card.json
[07Juli2026 17:59:31.655] [Worker-Main-4/WARN] [net.minecraft.client.resources.model.ModelBakery/]: Unable to load model: 'fnaf_collectibles:item/uncommon_funtimefreddy_card' referenced from: fnaf_collectibles:item/uncommon_funtimefreddy_card: java.io.FileNotFoundException: fnaf_collectibles:models/item/uncommon_funtimefreddy_card.json
[07Juli2026 17:59:31.655] [Worker-Main-4/WARN] [net.minecraft.client.resources.model.ModelBakery/]: Unable to load model: 'fnaf_collectibles:item/legendary_witheredgoldenfreddy_card' referenced from: fnaf_collectibles:item/legendary_witheredgoldenfreddy_card: java.io.FileNotFoundException: fnaf_collectibles:models/item/legendary_witheredgoldenfreddy_card.json
[07Juli2026 17:59:31.655] [Worker-Main-4/WARN] [net.minecraft.client.resources.model.ModelBakery/]: Unable to load model: 'fnaf_collectibles:item/common_funtimefoxy_card' referenced from: fnaf_collectibles:item/common_funtimefoxy_card: java.io.FileNotFoundException: fnaf_collectibles:models/item/common_funtimefoxy_card.json
[07Juli2026 17:59:31.655] [Worker-Main-4/WARN] [net.minecraft.client.resources.model.ModelBakery/]: Unable to load model: 'fnaf_collectibles:item/legendary_phantomfreddy_card' referenced from: fnaf_collectibles:item/legendary_phantomfreddy_card: java.io.FileNotFoundException: fnaf_collectibles:models/item/legendary_phantomfreddy_card.json
[07Juli2026 17:59:31.655] [Worker-Main-4/WARN] [net.minecraft.client.resources.model.ModelBakery/]: Unable to load model: 'fnaf_collectibles:item/legendary_lolbit_card' referenced from: fnaf_collectibles:item/legendary_lolbit_card: java.io.FileNotFoundException: fnaf_collectibles:models/item/legendary_lolbit_card.json
[07Juli2026 17:59:31.655] [Worker-Main-4/WARN] [net.minecraft.client.resources.model.ModelBakery/]: Unable to load model: 'fnaf_collectibles:item/epic_foxy_card' referenced from: fnaf_collectibles:item/epic_foxy_card: java.io.FileNotFoundException: fnaf_collectibles:models/item/epic_foxy_card.json
[07Juli2026 17:59:31.656] [Worker-Main-4/WARN] [net.minecraft.client.resources.model.ModelBakery/]: Unable to load model: 'fnaf_collectibles:item/legendary_puppet_card' referenced from: fnaf_collectibles:item/legendary_puppet_card: java.io.FileNotFoundException: fnaf_collectibles:models/item/legendary_puppet_card.json
[07Juli2026 17:59:31.656] [Worker-Main-4/WARN] [net.minecraft.client.resources.model.ModelBakery/]: Unable to load model: 'fnaf_collectibles:item/common_phantomchica_card' referenced from: fnaf_collectibles:item/common_phantomchica_card: java.io.FileNotFoundException: fnaf_collectibles:models/item/common_phantomchica_card.json
[07Juli2026 17:59:31.656] [Worker-Main-4/WARN] [net.minecraft.client.resources.model.ModelBakery/]: Unable to load model: 'fnaf_collectibles:item/uncommon_toychica_card' referenced from: fnaf_collectibles:item/uncommon_toychica_card: java.io.FileNotFoundException: fnaf_collectibles:models/item/uncommon_toychica_card.json
[07Juli2026 17:59:31.656] [Worker-Main-4/WARN] [net.minecraft.client.resources.model.ModelBakery/]: Unable to load model: 'fnaf_collectibles:item/legendary_phantomchica_card' referenced from: fnaf_collectibles:item/legendary_phantomchica_card: java.io.FileNotFoundException: fnaf_collectibles:models/item/legendary_phantomchica_card.json
[07Juli2026 17:59:31.656] [Worker-Main-4/WARN] [net.minecraft.client.resources.model.ModelBakery/]: Unable to load model: 'fnaf_collectibles:item/common_endo2_card' referenced from: fnaf_collectibles:item/common_endo2_card: java.io.FileNotFoundException: fnaf_collectibles:models/item/common_endo2_card.json
[07Juli2026 17:59:31.656] [Worker-Main-4/WARN] [net.minecraft.client.resources.model.ModelBakery/]: Unable to load model: 'fnaf_collectibles:item/legendary_mangle_card' referenced from: fnaf_collectibles:item/legendary_mangle_card: java.io.FileNotFoundException: fnaf_collectibles:models/item/legendary_mangle_card.json
[07Juli2026 17:59:31.656] [Worker-Main-4/WARN] [net.minecraft.client.resources.model.ModelBakery/]: Unable to load model: 'fnaf_collectibles:item/rare_shadowfreddy_card' referenced from: fnaf_collectibles:item/rare_shadowfreddy_card: java.io.FileNotFoundException: fnaf_collectibles:models/item/rare_shadowfreddy_card.json
[07Juli2026 17:59:31.656] [Worker-Main-4/WARN] [net.minecraft.client.resources.model.ModelBakery/]: Unable to load model: 'fnaf_collectibles:item/rare_phantommangle_card' referenced from: fnaf_collectibles:item/rare_phantommangle_card: java.io.FileNotFoundException: fnaf_collectibles:models/item/rare_phantommangle_card.json
[07Juli2026 17:59:31.656] [Worker-Main-4/WARN] [net.minecraft.client.resources.model.ModelBakery/]: Unable to load model: 'fnaf_collectibles:item/epic_circusbaby_card' referenced from: fnaf_collectibles:item/epic_circusbaby_card: java.io.FileNotFoundException: fnaf_collectibles:models/item/epic_circusbaby_card.json
[07Juli2026 17:59:31.657] [Worker-Main-4/WARN] [net.minecraft.client.resources.model.ModelBakery/]: Unable to load model: 'fnaf_collectibles:item/rare_yenndo_card' referenced from: fnaf_collectibles:item/rare_yenndo_card: java.io.FileNotFoundException: fnaf_collectibles:models/item/rare_yenndo_card.json
[07Juli2026 17:59:31.657] [Worker-Main-4/WARN] [net.minecraft.client.resources.model.ModelBakery/]: Unable to load model: 'fnaf_collectibles:item/legendary_bonbon_card' referenced from: fnaf_collectibles:item/legendary_bonbon_card: java.io.FileNotFoundException: fnaf_collectibles:models/item/legendary_bonbon_card.json
[07Juli2026 17:59:31.657] [Worker-Main-4/WARN] [net.minecraft.client.resources.model.ModelBakery/]: Unable to load model: 'fnaf_collectibles:item/rare_bonnie_card' referenced from: fnaf_collectibles:item/rare_bonnie_card: java.io.FileNotFoundException: fnaf_collectibles:models/item/rare_bonnie_card.json
[07Juli2026 17:59:31.657] [Worker-Main-4/WARN] [net.minecraft.client.resources.model.ModelBakery/]: Unable to load model: 'fnaf_collectibles:item/rare_bidybab_card' referenced from: fnaf_collectibles:item/rare_bidybab_card: java.io.FileNotFoundException: fnaf_collectibles:models/item/rare_bidybab_card.json
[07Juli2026 17:59:31.657] [Worker-Main-4/WARN] [net.minecraft.client.resources.model.ModelBakery/]: Unable to load model: 'fnaf_collectibles:item/epic_funtimefoxy_card' referenced from: fnaf_collectibles:item/epic_funtimefoxy_card: java.io.FileNotFoundException: fnaf_collectibles:models/item/epic_funtimefoxy_card.json
[07Juli2026 17:59:31.657] [Worker-Main-4/WARN] [net.minecraft.client.resources.model.ModelBakery/]: Unable to load model: 'fnaf_collectibles:item/common_jackochica_card' referenced from: fnaf_collectibles:item/common_jackochica_card: java.io.FileNotFoundException: fnaf_collectibles:models/item/common_jackochica_card.json
[07Juli2026 17:59:31.657] [Worker-Main-4/WARN] [net.minecraft.client.resources.model.ModelBakery/]: Unable to load model: 'fnaf_collectibles:item/uncommon_toyfreddy_card' referenced from: fnaf_collectibles:item/uncommon_toyfreddy_card: java.io.FileNotFoundException: fnaf_collectibles:models/item/uncommon_toyfreddy_card.json
[07Juli2026 17:59:31.657] [Worker-Main-4/WARN] [net.minecraft.client.resources.model.ModelBakery/]: Unable to load model: 'fnaf_collectibles:item/rare_minireena_card' referenced from: fnaf_collectibles:item/rare_minireena_card: java.io.FileNotFoundException: fnaf_collectibles:models/item/rare_minireena_card.json
[07Juli2026 17:59:31.657] [Worker-Main-4/WARN] [net.minecraft.client.resources.model.ModelBakery/]: Unable to load model: 'fnaf_collectibles:item/uncommon_toybonnie_card' referenced from: fnaf_collectibles:item/uncommon_toybonnie_card: java.io.FileNotFoundException: fnaf_collectibles:models/item/uncommon_toybonnie_card.json
[07Juli2026 17:59:31.657] [Worker-Main-4/WARN] [net.minecraft.client.resources.model.ModelBakery/]: Unable to load model: 'fnaf_collectibles:item/common_nightmarefredbear_card' referenced from: fnaf_collectibles:item/common_nightmarefredbear_card: java.io.FileNotFoundException: fnaf_collectibles:models/item/common_nightmarefredbear_card.json
[07Juli2026 17:59:31.658] [Worker-Main-4/WARN] [net.minecraft.client.resources.model.ModelBakery/]: Unable to load model: 'fnaf_collectibles:item/legendary_toychica_card' referenced from: fnaf_collectibles:item/legendary_toychica_card: java.io.FileNotFoundException: fnaf_collectibles:models/item/legendary_toychica_card.json
[07Juli2026 17:59:31.658] [Worker-Main-4/WARN] [net.minecraft.client.resources.model.ModelBakery/]: Unable to load model: 'fnaf_collectibles:item/uncommon_jj_card' referenced from: fnaf_collectibles:item/uncommon_jj_card: java.io.FileNotFoundException: fnaf_collectibles:models/item/uncommon_jj_card.json
[07Juli2026 17:59:31.658] [Worker-Main-4/WARN] [net.minecraft.client.resources.model.ModelBakery/]: Unable to load model: 'fnaf_collectibles:item/common_plushtrap_card' referenced from: fnaf_collectibles:item/common_plushtrap_card: java.io.FileNotFoundException: fnaf_collectibles:models/item/common_plushtrap_card.json
[07Juli2026 17:59:31.658] [Worker-Main-4/WARN] [net.minecraft.client.resources.model.ModelBakery/]: Unable to load model: 'fnaf_collectibles:item/rare_springtrap_card' referenced from: fnaf_collectibles:item/rare_springtrap_card: java.io.FileNotFoundException: fnaf_collectibles:models/item/rare_springtrap_card.json
[07Juli2026 17:59:31.658] [Worker-Main-4/WARN] [net.minecraft.client.resources.model.ModelBakery/]: Unable to load model: 'fnaf_collectibles:item/legendary_foxy_card' referenced from: fnaf_collectibles:item/legendary_foxy_card: java.io.FileNotFoundException: fnaf_collectibles:models/item/legendary_foxy_card.json
[07Juli2026 17:59:31.658] [Worker-Main-4/WARN] [net.minecraft.client.resources.model.ModelBakery/]: Unable to load model: 'fnaf_collectibles:item/common_freddy_card' referenced from: fnaf_collectibles:item/common_freddy_card: java.io.FileNotFoundException: fnaf_collectibles:models/item/common_freddy_card.json
[07Juli2026 17:59:31.658] [Worker-Main-4/WARN] [net.minecraft.client.resources.model.ModelBakery/]: Unable to load model: 'fnaf_collectibles:item/rare_foxy_card' referenced from: fnaf_collectibles:item/rare_foxy_card: java.io.FileNotFoundException: fnaf_collectibles:models/item/rare_foxy_card.json
[07Juli2026 17:59:32.307] [Render thread/WARN] [net.minecraft.client.sounds.SoundEngine/]: Missing sound for event: minecraft:item.goat_horn.play
[07Juli2026 17:59:32.307] [Render thread/WARN] [net.minecraft.client.sounds.SoundEngine/]: Missing sound for event: minecraft:entity.goat.screaming.horn_break
[07Juli2026 17:59:32.566] [Render thread/INFO] [com.mojang.blaze3d.audio.Library/]: OpenAL initialized on device OpenAL Soft on Realtek HD Audio 2nd output (2- Realtek(R) Audio)
[07Juli2026 17:59:32.566] [Render thread/INFO] [net.minecraft.client.sounds.SoundEngine/SOUNDS]: Sound engine started
[07Juli2026 17:59:32.628] [Render thread/INFO] [net.minecraft.client.renderer.texture.TextureAtlas/]: Created: 2048x1024x4 minecraft:textures/atlas/blocks.png-atlas
[07Juli2026 17:59:32.642] [Render thread/INFO] [net.minecraft.client.renderer.texture.TextureAtlas/]: Created: 256x256x4 minecraft:textures/atlas/signs.png-atlas
[07Juli2026 17:59:32.643] [Render thread/INFO] [net.minecraft.client.renderer.texture.TextureAtlas/]: Created: 512x512x4 minecraft:textures/atlas/shield_patterns.png-atlas
[07Juli2026 17:59:32.643] [Render thread/INFO] [net.minecraft.client.renderer.texture.TextureAtlas/]: Created: 512x512x4 minecraft:textures/atlas/banner_patterns.png-atlas
[07Juli2026 17:59:32.644] [Render thread/INFO] [net.minecraft.client.renderer.texture.TextureAtlas/]: Created: 1024x1024x4 minecraft:textures/atlas/armor_trims.png-atlas
[07Juli2026 17:59:32.649] [Render thread/INFO] [net.minecraft.client.renderer.texture.TextureAtlas/]: Created: 256x256x4 minecraft:textures/atlas/chest.png-atlas
[07Juli2026 17:59:32.649] [Render thread/INFO] [net.minecraft.client.renderer.texture.TextureAtlas/]: Created: 128x64x4 minecraft:textures/atlas/decorated_pot.png-atlas
[07Juli2026 17:59:32.650] [Render thread/INFO] [net.minecraft.client.renderer.texture.TextureAtlas/]: Created: 512x256x4 minecraft:textures/atlas/beds.png-atlas
[07Juli2026 17:59:32.650] [Render thread/INFO] [net.minecraft.client.renderer.texture.TextureAtlas/]: Created: 512x256x4 minecraft:textures/atlas/shulker_boxes.png-atlas
[07Juli2026 17:59:32.662] [Render thread/INFO] [net.minecraft.client.renderer.texture.TextureAtlas/]: Created: 512x256x0 minecraft:textures/atlas/particles.png-atlas
[07Juli2026 17:59:32.663] [Render thread/INFO] [net.minecraft.client.renderer.texture.TextureAtlas/]: Created: 512x256x0 minecraft:textures/atlas/paintings.png-atlas
[07Juli2026 17:59:32.663] [Render thread/INFO] [net.minecraft.client.renderer.texture.TextureAtlas/]: Created: 256x128x0 minecraft:textures/atlas/mob_effects.png-atlas
[07Juli2026 17:59:32.664] [Render thread/INFO] [net.minecraft.client.renderer.texture.TextureAtlas/]: Created: 64x64x0 minecraft:textures/atlas/map_decorations.png-atlas
[07Juli2026 17:59:32.664] [Render thread/INFO] [net.minecraft.client.renderer.texture.TextureAtlas/]: Created: 1024x512x0 minecraft:textures/atlas/gui.png-atlas
[07Juli2026 17:59:32.681] [Render thread/WARN] [net.minecraft.client.renderer.ShaderInstance/]: Shader rendertype_entity_translucent_emissive could not find sampler named Sampler2 in the specified shader program.
[07Juli2026 17:59:32.715] [Render thread/INFO] [net.neoforged.neoforge.client.entity.animation.json.AnimationLoader/]: Loaded 0 entity animations
[07Juli2026 17:59:55.319] [Server thread/INFO] [net.minecraft.client.server.IntegratedServer/]: Saving and pausing game...
[07Juli2026 17:59:55.341] [Server thread/INFO] [net.minecraft.server.MinecraftServer/]: Saving chunks for level 'ServerLevel[New World]'/minecraft:overworld
[07Juli2026 17:59:55.347] [Server thread/INFO] [net.minecraft.server.MinecraftServer/]: Saving chunks for level 'ServerLevel[New World]'/minecraft:the_nether
[07Juli2026 17:59:55.348] [Server thread/INFO] [net.minecraft.server.MinecraftServer/]: Saving chunks for level 'ServerLevel[New World]'/minecraft:the_end
[07Juli2026 17:59:55.349] [Server thread/DEBUG] [net.neoforged.neoforge.common.CommonHooks/WP]: Gathered mod list to write to world save New World
[07Juli2026 18:00:06.669] [Server thread/INFO] [net.minecraft.client.server.IntegratedServer/]: Saving and pausing game...
[07Juli2026 18:00:06.699] [Server thread/INFO] [net.minecraft.server.MinecraftServer/]: Saving chunks for level 'ServerLevel[New World]'/minecraft:overworld
[07Juli2026 18:00:06.706] [Server thread/INFO] [net.minecraft.server.MinecraftServer/]: Saving chunks for level 'ServerLevel[New World]'/minecraft:the_nether
[07Juli2026 18:00:06.706] [Server thread/INFO] [net.minecraft.server.MinecraftServer/]: Saving chunks for level 'ServerLevel[New World]'/minecraft:the_end
[07Juli2026 18:00:06.706] [Server thread/DEBUG] [net.neoforged.neoforge.common.CommonHooks/WP]: Gathered mod list to write to world save New World
[07Juli2026 18:00:16.195] [Render thread/INFO] [net.minecraft.client.gui.components.ChatComponent/]: [System] [CHAT] [Debug]: Reloaded resource packs
[07Juli2026 18:00:16.201] [Render thread/INFO] [net.minecraft.server.packs.resources.ReloadableResourceManager/]: Reloading ResourceManager: vanilla, mod_resources, mod/fnaf_collectibles, mod/neoforge
[07Juli2026 18:00:16.206] [Worker-Main-1/INFO] [net.minecraft.client.gui.font.providers.UnihexProvider/]: Found unifont_all_no_pua-15.1.05.hex, loading
[07Juli2026 18:00:16.240] [Server thread/INFO] [net.minecraft.client.server.IntegratedServer/]: Saving and pausing game...
[07Juli2026 18:00:16.282] [Server thread/INFO] [net.minecraft.server.MinecraftServer/]: Saving chunks for level 'ServerLevel[New World]'/minecraft:overworld
[07Juli2026 18:00:16.307] [Server thread/INFO] [net.minecraft.server.MinecraftServer/]: Saving chunks for level 'ServerLevel[New World]'/minecraft:the_nether
[07Juli2026 18:00:16.307] [Server thread/INFO] [net.minecraft.server.MinecraftServer/]: Saving chunks for level 'ServerLevel[New World]'/minecraft:the_end
[07Juli2026 18:00:16.308] [Server thread/DEBUG] [net.neoforged.neoforge.common.CommonHooks/WP]: Gathered mod list to write to world save New World
[07Juli2026 18:00:16.422] [Worker-Main-1/INFO] [net.minecraft.client.gui.font.providers.UnihexProvider/]: Found unifont_jp_patch-15.1.05.hex, loading
[07Juli2026 18:00:16.940] [Worker-Main-4/WARN] [net.minecraft.client.resources.model.ModelBakery/]: Unable to load model: 'fnaf_collectibles:item/cardpull' referenced from: fnaf_collectibles:item/cardpull: java.io.FileNotFoundException: fnaf_collectibles:models/item/cardpull.json
[07Juli2026 18:00:17.345] [Render thread/WARN] [net.minecraft.client.sounds.SoundEngine/]: Missing sound for event: minecraft:item.goat_horn.play
[07Juli2026 18:00:17.345] [Render thread/WARN] [net.minecraft.client.sounds.SoundEngine/]: Missing sound for event: minecraft:entity.goat.screaming.horn_break
[07Juli2026 18:00:17.473] [Render thread/INFO] [com.mojang.blaze3d.audio.Library/]: OpenAL initialized on device OpenAL Soft on Realtek HD Audio 2nd output (2- Realtek(R) Audio)
[07Juli2026 18:00:17.473] [Render thread/INFO] [net.minecraft.client.sounds.SoundEngine/SOUNDS]: Sound engine started
[07Juli2026 18:00:17.546] [Render thread/INFO] [net.minecraft.client.renderer.texture.TextureAtlas/]: Created: 2048x1024x4 minecraft:textures/atlas/blocks.png-atlas
[07Juli2026 18:00:17.564] [Render thread/INFO] [net.minecraft.client.renderer.texture.TextureAtlas/]: Created: 256x256x4 minecraft:textures/atlas/signs.png-atlas
[07Juli2026 18:00:17.565] [Render thread/INFO] [net.minecraft.client.renderer.texture.TextureAtlas/]: Created: 512x512x4 minecraft:textures/atlas/shield_patterns.png-atlas
[07Juli2026 18:00:17.566] [Render thread/INFO] [net.minecraft.client.renderer.texture.TextureAtlas/]: Created: 512x512x4 minecraft:textures/atlas/banner_patterns.png-atlas
[07Juli2026 18:00:17.567] [Render thread/INFO] [net.minecraft.client.renderer.texture.TextureAtlas/]: Created: 1024x1024x4 minecraft:textures/atlas/armor_trims.png-atlas
[07Juli2026 18:00:17.571] [Render thread/INFO] [net.minecraft.client.renderer.texture.TextureAtlas/]: Created: 256x256x4 minecraft:textures/atlas/chest.png-atlas
[07Juli2026 18:00:17.572] [Render thread/INFO] [net.minecraft.client.renderer.texture.TextureAtlas/]: Created: 128x64x4 minecraft:textures/atlas/decorated_pot.png-atlas
[07Juli2026 18:00:17.572] [Render thread/INFO] [net.minecraft.client.renderer.texture.TextureAtlas/]: Created: 512x256x4 minecraft:textures/atlas/beds.png-atlas
[07Juli2026 18:00:17.572] [Render thread/INFO] [net.minecraft.client.renderer.texture.TextureAtlas/]: Created: 512x256x4 minecraft:textures/atlas/shulker_boxes.png-atlas
[07Juli2026 18:00:17.582] [Render thread/INFO] [net.minecraft.client.renderer.texture.TextureAtlas/]: Created: 512x256x0 minecraft:textures/atlas/particles.png-atlas
[07Juli2026 18:00:17.584] [Render thread/INFO] [net.minecraft.client.renderer.texture.TextureAtlas/]: Created: 512x256x0 minecraft:textures/atlas/paintings.png-atlas
[07Juli2026 18:00:17.584] [Render thread/INFO] [net.minecraft.client.renderer.texture.TextureAtlas/]: Created: 256x128x0 minecraft:textures/atlas/mob_effects.png-atlas
[07Juli2026 18:00:17.585] [Render thread/INFO] [net.minecraft.client.renderer.texture.TextureAtlas/]: Created: 64x64x0 minecraft:textures/atlas/map_decorations.png-atlas
[07Juli2026 18:00:17.585] [Render thread/INFO] [net.minecraft.client.renderer.texture.TextureAtlas/]: Created: 1024x512x0 minecraft:textures/atlas/gui.png-atlas
[07Juli2026 18:00:17.599] [Render thread/WARN] [net.minecraft.client.renderer.ShaderInstance/]: Shader rendertype_entity_translucent_emissive could not find sampler named Sampler2 in the specified shader program.
[07Juli2026 18:00:17.636] [Render thread/INFO] [net.neoforged.neoforge.client.entity.animation.json.AnimationLoader/]: Loaded 0 entity animations
[07Juli2026 18:01:08.119] [Server thread/INFO] [net.minecraft.client.server.IntegratedServer/]: Saving and pausing game...
[07Juli2026 18:01:08.155] [Server thread/INFO] [net.minecraft.server.MinecraftServer/]: Saving chunks for level 'ServerLevel[New World]'/minecraft:overworld
[07Juli2026 18:01:08.158] [Server thread/INFO] [net.minecraft.server.MinecraftServer/]: Saving chunks for level 'ServerLevel[New World]'/minecraft:the_nether
[07Juli2026 18:01:08.159] [Server thread/INFO] [net.minecraft.server.MinecraftServer/]: Saving chunks for level 'ServerLevel[New World]'/minecraft:the_end
[07Juli2026 18:01:08.159] [Server thread/DEBUG] [net.neoforged.neoforge.common.CommonHooks/WP]: Gathered mod list to write to world save New World
[07Juli2026 18:01:25.719] [Server thread/INFO] [net.minecraft.client.server.IntegratedServer/]: Saving and pausing game...
[07Juli2026 18:01:25.744] [Server thread/INFO] [net.minecraft.server.MinecraftServer/]: Saving chunks for level 'ServerLevel[New World]'/minecraft:overworld
[07Juli2026 18:01:25.749] [Server thread/INFO] [net.minecraft.server.MinecraftServer/]: Saving chunks for level 'ServerLevel[New World]'/minecraft:the_nether
[07Juli2026 18:01:25.749] [Server thread/INFO] [net.minecraft.server.MinecraftServer/]: Saving chunks for level 'ServerLevel[New World]'/minecraft:the_end
[07Juli2026 18:01:25.750] [Server thread/DEBUG] [net.neoforged.neoforge.common.CommonHooks/WP]: Gathered mod list to write to world save New World
[07Juli2026 18:01:53.819] [Server thread/INFO] [net.minecraft.client.server.IntegratedServer/]: Saving and pausing game...
[07Juli2026 18:01:53.843] [Server thread/INFO] [net.minecraft.server.MinecraftServer/]: Saving chunks for level 'ServerLevel[New World]'/minecraft:overworld
[07Juli2026 18:01:53.846] [Server thread/INFO] [net.minecraft.server.MinecraftServer/]: Saving chunks for level 'ServerLevel[New World]'/minecraft:the_nether
[07Juli2026 18:01:53.847] [Server thread/INFO] [net.minecraft.server.MinecraftServer/]: Saving chunks for level 'ServerLevel[New World]'/minecraft:the_end
[07Juli2026 18:01:53.847] [Server thread/DEBUG] [net.neoforged.neoforge.common.CommonHooks/WP]: Gathered mod list to write to world save New World
[07Juli2026 18:01:54.073] [Server thread/INFO] [net.minecraft.server.network.ServerGamePacketListenerImpl/]: Dev lost connection: Disconnected
[07Juli2026 18:01:54.073] [Server thread/INFO] [net.minecraft.server.MinecraftServer/]: Dev left the game
[07Juli2026 18:01:54.270] [Server thread/INFO] [net.minecraft.server.network.ServerCommonPacketListenerImpl/]: Stopping singleplayer server as player logged out
[07Juli2026 18:01:54.284] [Server thread/INFO] [net.minecraft.server.MinecraftServer/]: Stopping server
[07Juli2026 18:01:54.285] [Server thread/INFO] [net.minecraft.server.MinecraftServer/]: Saving players
[07Juli2026 18:01:54.285] [Server thread/INFO] [net.minecraft.server.MinecraftServer/]: Saving worlds
[07Juli2026 18:01:54.598] [Server thread/INFO] [net.minecraft.server.MinecraftServer/]: Saving chunks for level 'ServerLevel[New World]'/minecraft:overworld
[07Juli2026 18:02:22.486] [Server thread/INFO] [net.minecraft.server.MinecraftServer/]: Saving chunks for level 'ServerLevel[New World]'/minecraft:the_nether
[07Juli2026 18:02:22.511] [Server thread/INFO] [net.minecraft.server.MinecraftServer/]: Saving chunks for level 'ServerLevel[New World]'/minecraft:the_end
[07Juli2026 18:02:22.536] [Server thread/DEBUG] [net.neoforged.neoforge.common.CommonHooks/WP]: Gathered mod list to write to world save New World
[07Juli2026 18:02:22.555] [Server thread/INFO] [net.minecraft.server.MinecraftServer/]: ThreadedAnvilChunkStorage (New World): All chunks are saved
[07Juli2026 18:02:22.555] [Server thread/INFO] [net.minecraft.server.MinecraftServer/]: ThreadedAnvilChunkStorage (DIM-1): All chunks are saved
[07Juli2026 18:02:22.556] [Server thread/INFO] [net.minecraft.server.MinecraftServer/]: ThreadedAnvilChunkStorage (DIM1): All chunks are saved
[07Juli2026 18:02:22.556] [Server thread/INFO] [net.minecraft.server.MinecraftServer/]: ThreadedAnvilChunkStorage: All dimensions are saved
[07Juli2026 18:02:22.979] [Server thread/DEBUG] [net.neoforged.fml.config.ConfigTracker/CONFIG]: Unloading configs type SERVER
[07Juli2026 18:02:36.407] [Render thread/INFO] [net.minecraft.client.Minecraft/]: Stopping!
